[2025-02-06T18:20:13.665+0000] {processor.py:157} INFO - Started process (PID=10205) to work on /workspaces/hands-on-introduction-data-engineering-4395021/airflow/dags/extract_dag.py
[2025-02-06T18:20:13.666+0000] {processor.py:826} INFO - Processing file /workspaces/hands-on-introduction-data-engineering-4395021/airflow/dags/extract_dag.py for tasks to queue
[2025-02-06T18:20:13.666+0000] {logging_mixin.py:150} INFO - [2025-02-06T18:20:13.666+0000] {dagbag.py:541} INFO - Filling up the DagBag from /workspaces/hands-on-introduction-data-engineering-4395021/airflow/dags/extract_dag.py
[2025-02-06T18:20:13.670+0000] {logging_mixin.py:150} INFO - [2025-02-06T18:20:13.668+0000] {dagbag.py:350} ERROR - Failed to import: /workspaces/hands-on-introduction-data-engineering-4395021/airflow/dags/extract_dag.py
Traceback (most recent call last):
  File "/home/vscode/.local/lib/python3.10/site-packages/airflow/models/dagbag.py", line 346, in parse
    loader.exec_module(new_module)
  File "<frozen importlib._bootstrap_external>", line 883, in exec_module
  File "<frozen importlib._bootstrap>", line 241, in _call_with_frames_removed
  File "/workspaces/hands-on-introduction-data-engineering-4395021/airflow/dags/extract_dag.py", line 3, in <module>
    from airflow.operators import B
ImportError: cannot import name 'B' from 'airflow.operators' (/home/vscode/.local/lib/python3.10/site-packages/airflow/operators/__init__.py)
[2025-02-06T18:20:13.670+0000] {processor.py:838} WARNING - No viable dags retrieved from /workspaces/hands-on-introduction-data-engineering-4395021/airflow/dags/extract_dag.py
[2025-02-06T18:20:13.681+0000] {processor.py:179} INFO - Processing /workspaces/hands-on-introduction-data-engineering-4395021/airflow/dags/extract_dag.py took 0.018 seconds
[2025-02-06T18:20:14.794+0000] {processor.py:157} INFO - Started process (PID=10227) to work on /workspaces/hands-on-introduction-data-engineering-4395021/airflow/dags/extract_dag.py
[2025-02-06T18:20:14.794+0000] {processor.py:826} INFO - Processing file /workspaces/hands-on-introduction-data-engineering-4395021/airflow/dags/extract_dag.py for tasks to queue
[2025-02-06T18:20:14.795+0000] {logging_mixin.py:150} INFO - [2025-02-06T18:20:14.795+0000] {dagbag.py:541} INFO - Filling up the DagBag from /workspaces/hands-on-introduction-data-engineering-4395021/airflow/dags/extract_dag.py
[2025-02-06T18:20:14.799+0000] {processor.py:838} WARNING - No viable dags retrieved from /workspaces/hands-on-introduction-data-engineering-4395021/airflow/dags/extract_dag.py
[2025-02-06T18:20:14.807+0000] {processor.py:179} INFO - Processing /workspaces/hands-on-introduction-data-engineering-4395021/airflow/dags/extract_dag.py took 0.015 seconds
[2025-02-06T18:20:30.437+0000] {processor.py:157} INFO - Started process (PID=10330) to work on /workspaces/hands-on-introduction-data-engineering-4395021/airflow/dags/extract_dag.py
[2025-02-06T18:20:30.438+0000] {processor.py:826} INFO - Processing file /workspaces/hands-on-introduction-data-engineering-4395021/airflow/dags/extract_dag.py for tasks to queue
[2025-02-06T18:20:30.439+0000] {logging_mixin.py:150} INFO - [2025-02-06T18:20:30.438+0000] {dagbag.py:541} INFO - Filling up the DagBag from /workspaces/hands-on-introduction-data-engineering-4395021/airflow/dags/extract_dag.py
[2025-02-06T18:20:30.441+0000] {logging_mixin.py:150} INFO - [2025-02-06T18:20:30.440+0000] {dagbag.py:350} ERROR - Failed to import: /workspaces/hands-on-introduction-data-engineering-4395021/airflow/dags/extract_dag.py
Traceback (most recent call last):
  File "/home/vscode/.local/lib/python3.10/site-packages/airflow/models/dagbag.py", line 346, in parse
    loader.exec_module(new_module)
  File "<frozen importlib._bootstrap_external>", line 879, in exec_module
  File "<frozen importlib._bootstrap_external>", line 1017, in get_code
  File "<frozen importlib._bootstrap_external>", line 947, in source_to_code
  File "<frozen importlib._bootstrap>", line 241, in _call_with_frames_removed
  File "/workspaces/hands-on-introduction-data-engineering-4395021/airflow/dags/extract_dag.py", line 4
    from airflow.
                 ^
SyntaxError: invalid syntax
[2025-02-06T18:20:30.441+0000] {processor.py:838} WARNING - No viable dags retrieved from /workspaces/hands-on-introduction-data-engineering-4395021/airflow/dags/extract_dag.py
[2025-02-06T18:20:30.452+0000] {processor.py:179} INFO - Processing /workspaces/hands-on-introduction-data-engineering-4395021/airflow/dags/extract_dag.py took 0.016 seconds
[2025-02-06T18:20:36.534+0000] {processor.py:157} INFO - Started process (PID=10371) to work on /workspaces/hands-on-introduction-data-engineering-4395021/airflow/dags/extract_dag.py
[2025-02-06T18:20:36.535+0000] {processor.py:826} INFO - Processing file /workspaces/hands-on-introduction-data-engineering-4395021/airflow/dags/extract_dag.py for tasks to queue
[2025-02-06T18:20:36.536+0000] {logging_mixin.py:150} INFO - [2025-02-06T18:20:36.536+0000] {dagbag.py:541} INFO - Filling up the DagBag from /workspaces/hands-on-introduction-data-engineering-4395021/airflow/dags/extract_dag.py
[2025-02-06T18:20:36.538+0000] {processor.py:838} WARNING - No viable dags retrieved from /workspaces/hands-on-introduction-data-engineering-4395021/airflow/dags/extract_dag.py
[2025-02-06T18:20:36.547+0000] {processor.py:179} INFO - Processing /workspaces/hands-on-introduction-data-engineering-4395021/airflow/dags/extract_dag.py took 0.015 seconds
[2025-02-06T18:20:41.802+0000] {processor.py:157} INFO - Started process (PID=10400) to work on /workspaces/hands-on-introduction-data-engineering-4395021/airflow/dags/extract_dag.py
[2025-02-06T18:20:41.803+0000] {processor.py:826} INFO - Processing file /workspaces/hands-on-introduction-data-engineering-4395021/airflow/dags/extract_dag.py for tasks to queue
[2025-02-06T18:20:41.804+0000] {logging_mixin.py:150} INFO - [2025-02-06T18:20:41.803+0000] {dagbag.py:541} INFO - Filling up the DagBag from /workspaces/hands-on-introduction-data-engineering-4395021/airflow/dags/extract_dag.py
[2025-02-06T18:20:41.805+0000] {logging_mixin.py:150} INFO - [2025-02-06T18:20:41.805+0000] {dagbag.py:350} ERROR - Failed to import: /workspaces/hands-on-introduction-data-engineering-4395021/airflow/dags/extract_dag.py
Traceback (most recent call last):
  File "/home/vscode/.local/lib/python3.10/site-packages/airflow/models/dagbag.py", line 346, in parse
    loader.exec_module(new_module)
  File "<frozen importlib._bootstrap_external>", line 879, in exec_module
  File "<frozen importlib._bootstrap_external>", line 1017, in get_code
  File "<frozen importlib._bootstrap_external>", line 947, in source_to_code
  File "<frozen importlib._bootstrap>", line 241, in _call_with_frames_removed
  File "/workspaces/hands-on-introduction-data-engineering-4395021/airflow/dags/extract_dag.py", line 6
    with 
         ^
SyntaxError: invalid syntax
[2025-02-06T18:20:41.806+0000] {processor.py:838} WARNING - No viable dags retrieved from /workspaces/hands-on-introduction-data-engineering-4395021/airflow/dags/extract_dag.py
[2025-02-06T18:20:41.818+0000] {processor.py:179} INFO - Processing /workspaces/hands-on-introduction-data-engineering-4395021/airflow/dags/extract_dag.py took 0.018 seconds
[2025-02-06T18:20:43.973+0000] {processor.py:157} INFO - Started process (PID=10413) to work on /workspaces/hands-on-introduction-data-engineering-4395021/airflow/dags/extract_dag.py
[2025-02-06T18:20:43.973+0000] {processor.py:826} INFO - Processing file /workspaces/hands-on-introduction-data-engineering-4395021/airflow/dags/extract_dag.py for tasks to queue
[2025-02-06T18:20:43.974+0000] {logging_mixin.py:150} INFO - [2025-02-06T18:20:43.974+0000] {dagbag.py:541} INFO - Filling up the DagBag from /workspaces/hands-on-introduction-data-engineering-4395021/airflow/dags/extract_dag.py
[2025-02-06T18:20:43.976+0000] {logging_mixin.py:150} INFO - [2025-02-06T18:20:43.975+0000] {dagbag.py:350} ERROR - Failed to import: /workspaces/hands-on-introduction-data-engineering-4395021/airflow/dags/extract_dag.py
Traceback (most recent call last):
  File "/home/vscode/.local/lib/python3.10/site-packages/airflow/models/dagbag.py", line 346, in parse
    loader.exec_module(new_module)
  File "<frozen importlib._bootstrap_external>", line 879, in exec_module
  File "<frozen importlib._bootstrap_external>", line 1017, in get_code
  File "<frozen importlib._bootstrap_external>", line 947, in source_to_code
  File "<frozen importlib._bootstrap>", line 241, in _call_with_frames_removed
  File "/workspaces/hands-on-introduction-data-engineering-4395021/airflow/dags/extract_dag.py", line 6
    with DAG 
             ^
SyntaxError: expected ':'
[2025-02-06T18:20:43.976+0000] {processor.py:838} WARNING - No viable dags retrieved from /workspaces/hands-on-introduction-data-engineering-4395021/airflow/dags/extract_dag.py
[2025-02-06T18:20:43.988+0000] {processor.py:179} INFO - Processing /workspaces/hands-on-introduction-data-engineering-4395021/airflow/dags/extract_dag.py took 0.017 seconds
[2025-02-06T18:20:49.542+0000] {processor.py:157} INFO - Started process (PID=10455) to work on /workspaces/hands-on-introduction-data-engineering-4395021/airflow/dags/extract_dag.py
[2025-02-06T18:20:49.543+0000] {processor.py:826} INFO - Processing file /workspaces/hands-on-introduction-data-engineering-4395021/airflow/dags/extract_dag.py for tasks to queue
[2025-02-06T18:20:49.544+0000] {logging_mixin.py:150} INFO - [2025-02-06T18:20:49.544+0000] {dagbag.py:541} INFO - Filling up the DagBag from /workspaces/hands-on-introduction-data-engineering-4395021/airflow/dags/extract_dag.py
[2025-02-06T18:20:49.547+0000] {logging_mixin.py:150} INFO - [2025-02-06T18:20:49.546+0000] {dagbag.py:350} ERROR - Failed to import: /workspaces/hands-on-introduction-data-engineering-4395021/airflow/dags/extract_dag.py
Traceback (most recent call last):
  File "/home/vscode/.local/lib/python3.10/site-packages/airflow/models/dagbag.py", line 346, in parse
    loader.exec_module(new_module)
  File "<frozen importlib._bootstrap_external>", line 879, in exec_module
  File "<frozen importlib._bootstrap_external>", line 1017, in get_code
  File "<frozen importlib._bootstrap_external>", line 947, in source_to_code
  File "<frozen importlib._bootstrap>", line 241, in _call_with_frames_removed
  File "/workspaces/hands-on-introduction-data-engineering-4395021/airflow/dags/extract_dag.py", line 6
    with DAG('extract ')
                        ^
SyntaxError: expected ':'
[2025-02-06T18:20:49.547+0000] {processor.py:838} WARNING - No viable dags retrieved from /workspaces/hands-on-introduction-data-engineering-4395021/airflow/dags/extract_dag.py
[2025-02-06T18:20:49.562+0000] {processor.py:179} INFO - Processing /workspaces/hands-on-introduction-data-engineering-4395021/airflow/dags/extract_dag.py took 0.022 seconds
[2025-02-06T18:20:50.728+0000] {processor.py:157} INFO - Started process (PID=10463) to work on /workspaces/hands-on-introduction-data-engineering-4395021/airflow/dags/extract_dag.py
[2025-02-06T18:20:50.729+0000] {processor.py:826} INFO - Processing file /workspaces/hands-on-introduction-data-engineering-4395021/airflow/dags/extract_dag.py for tasks to queue
[2025-02-06T18:20:50.729+0000] {logging_mixin.py:150} INFO - [2025-02-06T18:20:50.729+0000] {dagbag.py:541} INFO - Filling up the DagBag from /workspaces/hands-on-introduction-data-engineering-4395021/airflow/dags/extract_dag.py
[2025-02-06T18:20:50.731+0000] {logging_mixin.py:150} INFO - [2025-02-06T18:20:50.731+0000] {dagbag.py:350} ERROR - Failed to import: /workspaces/hands-on-introduction-data-engineering-4395021/airflow/dags/extract_dag.py
Traceback (most recent call last):
  File "/home/vscode/.local/lib/python3.10/site-packages/airflow/models/dagbag.py", line 346, in parse
    loader.exec_module(new_module)
  File "<frozen importlib._bootstrap_external>", line 879, in exec_module
  File "<frozen importlib._bootstrap_external>", line 1017, in get_code
  File "<frozen importlib._bootstrap_external>", line 947, in source_to_code
  File "<frozen importlib._bootstrap>", line 241, in _call_with_frames_removed
  File "/workspaces/hands-on-introduction-data-engineering-4395021/airflow/dags/extract_dag.py", line 6
    with DAG('extract')
                       ^
SyntaxError: expected ':'
[2025-02-06T18:20:50.732+0000] {processor.py:838} WARNING - No viable dags retrieved from /workspaces/hands-on-introduction-data-engineering-4395021/airflow/dags/extract_dag.py
[2025-02-06T18:20:50.743+0000] {processor.py:179} INFO - Processing /workspaces/hands-on-introduction-data-engineering-4395021/airflow/dags/extract_dag.py took 0.017 seconds
[2025-02-06T18:20:54.759+0000] {processor.py:157} INFO - Started process (PID=10490) to work on /workspaces/hands-on-introduction-data-engineering-4395021/airflow/dags/extract_dag.py
[2025-02-06T18:20:54.761+0000] {processor.py:826} INFO - Processing file /workspaces/hands-on-introduction-data-engineering-4395021/airflow/dags/extract_dag.py for tasks to queue
[2025-02-06T18:20:54.762+0000] {logging_mixin.py:150} INFO - [2025-02-06T18:20:54.762+0000] {dagbag.py:541} INFO - Filling up the DagBag from /workspaces/hands-on-introduction-data-engineering-4395021/airflow/dags/extract_dag.py
[2025-02-06T18:20:54.765+0000] {logging_mixin.py:150} INFO - [2025-02-06T18:20:54.764+0000] {dagbag.py:350} ERROR - Failed to import: /workspaces/hands-on-introduction-data-engineering-4395021/airflow/dags/extract_dag.py
Traceback (most recent call last):
  File "/home/vscode/.local/lib/python3.10/site-packages/airflow/models/dagbag.py", line 346, in parse
    loader.exec_module(new_module)
  File "<frozen importlib._bootstrap_external>", line 879, in exec_module
  File "<frozen importlib._bootstrap_external>", line 1017, in get_code
  File "<frozen importlib._bootstrap_external>", line 947, in source_to_code
  File "<frozen importlib._bootstrap>", line 241, in _call_with_frames_removed
  File "/workspaces/hands-on-introduction-data-engineering-4395021/airflow/dags/extract_dag.py", line 6
    with DAG('extract_dag')
                           ^
SyntaxError: expected ':'
[2025-02-06T18:20:54.765+0000] {processor.py:838} WARNING - No viable dags retrieved from /workspaces/hands-on-introduction-data-engineering-4395021/airflow/dags/extract_dag.py
[2025-02-06T18:20:54.780+0000] {processor.py:179} INFO - Processing /workspaces/hands-on-introduction-data-engineering-4395021/airflow/dags/extract_dag.py took 0.023 seconds
[2025-02-06T18:20:56.906+0000] {processor.py:157} INFO - Started process (PID=10505) to work on /workspaces/hands-on-introduction-data-engineering-4395021/airflow/dags/extract_dag.py
[2025-02-06T18:20:56.907+0000] {processor.py:826} INFO - Processing file /workspaces/hands-on-introduction-data-engineering-4395021/airflow/dags/extract_dag.py for tasks to queue
[2025-02-06T18:20:56.908+0000] {logging_mixin.py:150} INFO - [2025-02-06T18:20:56.907+0000] {dagbag.py:541} INFO - Filling up the DagBag from /workspaces/hands-on-introduction-data-engineering-4395021/airflow/dags/extract_dag.py
[2025-02-06T18:20:56.910+0000] {logging_mixin.py:150} INFO - [2025-02-06T18:20:56.909+0000] {dagbag.py:350} ERROR - Failed to import: /workspaces/hands-on-introduction-data-engineering-4395021/airflow/dags/extract_dag.py
Traceback (most recent call last):
  File "/home/vscode/.local/lib/python3.10/site-packages/airflow/models/dagbag.py", line 346, in parse
    loader.exec_module(new_module)
  File "<frozen importlib._bootstrap_external>", line 879, in exec_module
  File "<frozen importlib._bootstrap_external>", line 1017, in get_code
  File "<frozen importlib._bootstrap_external>", line 947, in source_to_code
  File "<frozen importlib._bootstrap>", line 241, in _call_with_frames_removed
  File "/workspaces/hands-on-introduction-data-engineering-4395021/airflow/dags/extract_dag.py", line 6
    with DAG('extract_dag,
             ^
SyntaxError: unterminated string literal (detected at line 6)
[2025-02-06T18:20:56.910+0000] {processor.py:838} WARNING - No viable dags retrieved from /workspaces/hands-on-introduction-data-engineering-4395021/airflow/dags/extract_dag.py
[2025-02-06T18:20:56.924+0000] {processor.py:179} INFO - Processing /workspaces/hands-on-introduction-data-engineering-4395021/airflow/dags/extract_dag.py took 0.020 seconds
[2025-02-06T18:20:59.602+0000] {processor.py:157} INFO - Started process (PID=10525) to work on /workspaces/hands-on-introduction-data-engineering-4395021/airflow/dags/extract_dag.py
[2025-02-06T18:20:59.603+0000] {processor.py:826} INFO - Processing file /workspaces/hands-on-introduction-data-engineering-4395021/airflow/dags/extract_dag.py for tasks to queue
[2025-02-06T18:20:59.605+0000] {logging_mixin.py:150} INFO - [2025-02-06T18:20:59.604+0000] {dagbag.py:541} INFO - Filling up the DagBag from /workspaces/hands-on-introduction-data-engineering-4395021/airflow/dags/extract_dag.py
[2025-02-06T18:20:59.607+0000] {logging_mixin.py:150} INFO - [2025-02-06T18:20:59.607+0000] {dagbag.py:350} ERROR - Failed to import: /workspaces/hands-on-introduction-data-engineering-4395021/airflow/dags/extract_dag.py
Traceback (most recent call last):
  File "/home/vscode/.local/lib/python3.10/site-packages/airflow/models/dagbag.py", line 346, in parse
    loader.exec_module(new_module)
  File "<frozen importlib._bootstrap_external>", line 879, in exec_module
  File "<frozen importlib._bootstrap_external>", line 1017, in get_code
  File "<frozen importlib._bootstrap_external>", line 947, in source_to_code
  File "<frozen importlib._bootstrap>", line 241, in _call_with_frames_removed
  File "/workspaces/hands-on-introduction-data-engineering-4395021/airflow/dags/extract_dag.py", line 6
    with DAG('extract_dag,')
                            ^
SyntaxError: expected ':'
[2025-02-06T18:20:59.608+0000] {processor.py:838} WARNING - No viable dags retrieved from /workspaces/hands-on-introduction-data-engineering-4395021/airflow/dags/extract_dag.py
[2025-02-06T18:20:59.632+0000] {processor.py:179} INFO - Processing /workspaces/hands-on-introduction-data-engineering-4395021/airflow/dags/extract_dag.py took 0.033 seconds
[2025-02-06T18:21:03.034+0000] {processor.py:157} INFO - Started process (PID=10541) to work on /workspaces/hands-on-introduction-data-engineering-4395021/airflow/dags/extract_dag.py
[2025-02-06T18:21:03.034+0000] {processor.py:826} INFO - Processing file /workspaces/hands-on-introduction-data-engineering-4395021/airflow/dags/extract_dag.py for tasks to queue
[2025-02-06T18:21:03.035+0000] {logging_mixin.py:150} INFO - [2025-02-06T18:21:03.035+0000] {dagbag.py:541} INFO - Filling up the DagBag from /workspaces/hands-on-introduction-data-engineering-4395021/airflow/dags/extract_dag.py
[2025-02-06T18:21:03.037+0000] {logging_mixin.py:150} INFO - [2025-02-06T18:21:03.036+0000] {dagbag.py:350} ERROR - Failed to import: /workspaces/hands-on-introduction-data-engineering-4395021/airflow/dags/extract_dag.py
Traceback (most recent call last):
  File "/home/vscode/.local/lib/python3.10/site-packages/airflow/models/dagbag.py", line 346, in parse
    loader.exec_module(new_module)
  File "<frozen importlib._bootstrap_external>", line 879, in exec_module
  File "<frozen importlib._bootstrap_external>", line 1017, in get_code
  File "<frozen importlib._bootstrap_external>", line 947, in source_to_code
  File "<frozen importlib._bootstrap>", line 241, in _call_with_frames_removed
  File "/workspaces/hands-on-introduction-data-engineering-4395021/airflow/dags/extract_dag.py", line 7
    sch)
        ^
SyntaxError: expected ':'
[2025-02-06T18:21:03.037+0000] {processor.py:838} WARNING - No viable dags retrieved from /workspaces/hands-on-introduction-data-engineering-4395021/airflow/dags/extract_dag.py
[2025-02-06T18:21:03.049+0000] {processor.py:179} INFO - Processing /workspaces/hands-on-introduction-data-engineering-4395021/airflow/dags/extract_dag.py took 0.017 seconds
[2025-02-06T18:21:05.936+0000] {processor.py:157} INFO - Started process (PID=10567) to work on /workspaces/hands-on-introduction-data-engineering-4395021/airflow/dags/extract_dag.py
[2025-02-06T18:21:05.946+0000] {processor.py:826} INFO - Processing file /workspaces/hands-on-introduction-data-engineering-4395021/airflow/dags/extract_dag.py for tasks to queue
[2025-02-06T18:21:05.947+0000] {logging_mixin.py:150} INFO - [2025-02-06T18:21:05.947+0000] {dagbag.py:541} INFO - Filling up the DagBag from /workspaces/hands-on-introduction-data-engineering-4395021/airflow/dags/extract_dag.py
[2025-02-06T18:21:05.950+0000] {logging_mixin.py:150} INFO - [2025-02-06T18:21:05.949+0000] {dagbag.py:350} ERROR - Failed to import: /workspaces/hands-on-introduction-data-engineering-4395021/airflow/dags/extract_dag.py
Traceback (most recent call last):
  File "/home/vscode/.local/lib/python3.10/site-packages/airflow/models/dagbag.py", line 346, in parse
    loader.exec_module(new_module)
  File "<frozen importlib._bootstrap_external>", line 879, in exec_module
  File "<frozen importlib._bootstrap_external>", line 1017, in get_code
  File "<frozen importlib._bootstrap_external>", line 947, in source_to_code
  File "<frozen importlib._bootstrap>", line 241, in _call_with_frames_removed
  File "/workspaces/hands-on-introduction-data-engineering-4395021/airflow/dags/extract_dag.py", line 7
    schedule_interval=)
                      ^
SyntaxError: invalid syntax
[2025-02-06T18:21:05.954+0000] {processor.py:838} WARNING - No viable dags retrieved from /workspaces/hands-on-introduction-data-engineering-4395021/airflow/dags/extract_dag.py
[2025-02-06T18:21:06.003+0000] {processor.py:179} INFO - Processing /workspaces/hands-on-introduction-data-engineering-4395021/airflow/dags/extract_dag.py took 0.070 seconds
[2025-02-06T18:21:07.122+0000] {processor.py:157} INFO - Started process (PID=10575) to work on /workspaces/hands-on-introduction-data-engineering-4395021/airflow/dags/extract_dag.py
[2025-02-06T18:21:07.122+0000] {processor.py:826} INFO - Processing file /workspaces/hands-on-introduction-data-engineering-4395021/airflow/dags/extract_dag.py for tasks to queue
[2025-02-06T18:21:07.123+0000] {logging_mixin.py:150} INFO - [2025-02-06T18:21:07.123+0000] {dagbag.py:541} INFO - Filling up the DagBag from /workspaces/hands-on-introduction-data-engineering-4395021/airflow/dags/extract_dag.py
[2025-02-06T18:21:07.125+0000] {logging_mixin.py:150} INFO - [2025-02-06T18:21:07.124+0000] {dagbag.py:350} ERROR - Failed to import: /workspaces/hands-on-introduction-data-engineering-4395021/airflow/dags/extract_dag.py
Traceback (most recent call last):
  File "/home/vscode/.local/lib/python3.10/site-packages/airflow/models/dagbag.py", line 346, in parse
    loader.exec_module(new_module)
  File "<frozen importlib._bootstrap_external>", line 879, in exec_module
  File "<frozen importlib._bootstrap_external>", line 1017, in get_code
  File "<frozen importlib._bootstrap_external>", line 947, in source_to_code
  File "<frozen importlib._bootstrap>", line 241, in _call_with_frames_removed
  File "/workspaces/hands-on-introduction-data-engineering-4395021/airflow/dags/extract_dag.py", line 7
    schedule_interval=None)
                           ^
SyntaxError: expected ':'
[2025-02-06T18:21:07.125+0000] {processor.py:838} WARNING - No viable dags retrieved from /workspaces/hands-on-introduction-data-engineering-4395021/airflow/dags/extract_dag.py
[2025-02-06T18:21:07.136+0000] {processor.py:179} INFO - Processing /workspaces/hands-on-introduction-data-engineering-4395021/airflow/dags/extract_dag.py took 0.016 seconds
[2025-02-06T18:21:09.647+0000] {processor.py:157} INFO - Started process (PID=10594) to work on /workspaces/hands-on-introduction-data-engineering-4395021/airflow/dags/extract_dag.py
[2025-02-06T18:21:09.647+0000] {processor.py:826} INFO - Processing file /workspaces/hands-on-introduction-data-engineering-4395021/airflow/dags/extract_dag.py for tasks to queue
[2025-02-06T18:21:09.648+0000] {logging_mixin.py:150} INFO - [2025-02-06T18:21:09.648+0000] {dagbag.py:541} INFO - Filling up the DagBag from /workspaces/hands-on-introduction-data-engineering-4395021/airflow/dags/extract_dag.py
[2025-02-06T18:21:09.650+0000] {logging_mixin.py:150} INFO - [2025-02-06T18:21:09.649+0000] {dagbag.py:350} ERROR - Failed to import: /workspaces/hands-on-introduction-data-engineering-4395021/airflow/dags/extract_dag.py
Traceback (most recent call last):
  File "/home/vscode/.local/lib/python3.10/site-packages/airflow/models/dagbag.py", line 346, in parse
    loader.exec_module(new_module)
  File "<frozen importlib._bootstrap_external>", line 879, in exec_module
  File "<frozen importlib._bootstrap_external>", line 1017, in get_code
  File "<frozen importlib._bootstrap_external>", line 947, in source_to_code
  File "<frozen importlib._bootstrap>", line 241, in _call_with_frames_removed
  File "/workspaces/hands-on-introduction-data-engineering-4395021/airflow/dags/extract_dag.py", line 7
    schedule_interval=)
                      ^
SyntaxError: invalid syntax
[2025-02-06T18:21:09.650+0000] {processor.py:838} WARNING - No viable dags retrieved from /workspaces/hands-on-introduction-data-engineering-4395021/airflow/dags/extract_dag.py
[2025-02-06T18:21:09.661+0000] {processor.py:179} INFO - Processing /workspaces/hands-on-introduction-data-engineering-4395021/airflow/dags/extract_dag.py took 0.017 seconds
[2025-02-06T18:21:13.185+0000] {processor.py:157} INFO - Started process (PID=10610) to work on /workspaces/hands-on-introduction-data-engineering-4395021/airflow/dags/extract_dag.py
[2025-02-06T18:21:13.185+0000] {processor.py:826} INFO - Processing file /workspaces/hands-on-introduction-data-engineering-4395021/airflow/dags/extract_dag.py for tasks to queue
[2025-02-06T18:21:13.186+0000] {logging_mixin.py:150} INFO - [2025-02-06T18:21:13.186+0000] {dagbag.py:541} INFO - Filling up the DagBag from /workspaces/hands-on-introduction-data-engineering-4395021/airflow/dags/extract_dag.py
[2025-02-06T18:21:13.188+0000] {logging_mixin.py:150} INFO - [2025-02-06T18:21:13.187+0000] {dagbag.py:350} ERROR - Failed to import: /workspaces/hands-on-introduction-data-engineering-4395021/airflow/dags/extract_dag.py
Traceback (most recent call last):
  File "/home/vscode/.local/lib/python3.10/site-packages/airflow/models/dagbag.py", line 346, in parse
    loader.exec_module(new_module)
  File "<frozen importlib._bootstrap_external>", line 879, in exec_module
  File "<frozen importlib._bootstrap_external>", line 1017, in get_code
  File "<frozen importlib._bootstrap_external>", line 947, in source_to_code
  File "<frozen importlib._bootstrap>", line 241, in _call_with_frames_removed
  File "/workspaces/hands-on-introduction-data-engineering-4395021/airflow/dags/extract_dag.py", line 7
    schedule_interval=None)
                           ^
SyntaxError: expected ':'
[2025-02-06T18:21:13.188+0000] {processor.py:838} WARNING - No viable dags retrieved from /workspaces/hands-on-introduction-data-engineering-4395021/airflow/dags/extract_dag.py
[2025-02-06T18:21:13.200+0000] {processor.py:179} INFO - Processing /workspaces/hands-on-introduction-data-engineering-4395021/airflow/dags/extract_dag.py took 0.017 seconds
[2025-02-06T18:21:15.351+0000] {processor.py:157} INFO - Started process (PID=10635) to work on /workspaces/hands-on-introduction-data-engineering-4395021/airflow/dags/extract_dag.py
[2025-02-06T18:21:15.352+0000] {processor.py:826} INFO - Processing file /workspaces/hands-on-introduction-data-engineering-4395021/airflow/dags/extract_dag.py for tasks to queue
[2025-02-06T18:21:15.353+0000] {logging_mixin.py:150} INFO - [2025-02-06T18:21:15.352+0000] {dagbag.py:541} INFO - Filling up the DagBag from /workspaces/hands-on-introduction-data-engineering-4395021/airflow/dags/extract_dag.py
[2025-02-06T18:21:15.355+0000] {logging_mixin.py:150} INFO - [2025-02-06T18:21:15.354+0000] {dagbag.py:350} ERROR - Failed to import: /workspaces/hands-on-introduction-data-engineering-4395021/airflow/dags/extract_dag.py
Traceback (most recent call last):
  File "/home/vscode/.local/lib/python3.10/site-packages/airflow/models/dagbag.py", line 346, in parse
    loader.exec_module(new_module)
  File "<frozen importlib._bootstrap_external>", line 879, in exec_module
  File "<frozen importlib._bootstrap_external>", line 1017, in get_code
  File "<frozen importlib._bootstrap_external>", line 947, in source_to_code
  File "<frozen importlib._bootstrap>", line 241, in _call_with_frames_removed
  File "/workspaces/hands-on-introduction-data-engineering-4395021/airflow/dags/extract_dag.py", line 8
    )
     ^
SyntaxError: expected ':'
[2025-02-06T18:21:15.355+0000] {processor.py:838} WARNING - No viable dags retrieved from /workspaces/hands-on-introduction-data-engineering-4395021/airflow/dags/extract_dag.py
[2025-02-06T18:21:15.366+0000] {processor.py:179} INFO - Processing /workspaces/hands-on-introduction-data-engineering-4395021/airflow/dags/extract_dag.py took 0.017 seconds
[2025-02-06T18:21:18.637+0000] {processor.py:157} INFO - Started process (PID=10646) to work on /workspaces/hands-on-introduction-data-engineering-4395021/airflow/dags/extract_dag.py
[2025-02-06T18:21:18.638+0000] {processor.py:826} INFO - Processing file /workspaces/hands-on-introduction-data-engineering-4395021/airflow/dags/extract_dag.py for tasks to queue
[2025-02-06T18:21:18.638+0000] {logging_mixin.py:150} INFO - [2025-02-06T18:21:18.638+0000] {dagbag.py:541} INFO - Filling up the DagBag from /workspaces/hands-on-introduction-data-engineering-4395021/airflow/dags/extract_dag.py
[2025-02-06T18:21:18.640+0000] {logging_mixin.py:150} INFO - [2025-02-06T18:21:18.640+0000] {dagbag.py:350} ERROR - Failed to import: /workspaces/hands-on-introduction-data-engineering-4395021/airflow/dags/extract_dag.py
Traceback (most recent call last):
  File "/home/vscode/.local/lib/python3.10/site-packages/airflow/models/dagbag.py", line 346, in parse
    loader.exec_module(new_module)
  File "<frozen importlib._bootstrap_external>", line 879, in exec_module
  File "<frozen importlib._bootstrap_external>", line 1017, in get_code
  File "<frozen importlib._bootstrap_external>", line 947, in source_to_code
  File "<frozen importlib._bootstrap>", line 241, in _call_with_frames_removed
  File "/workspaces/hands-on-introduction-data-engineering-4395021/airflow/dags/extract_dag.py", line 8
    star)
        ^
SyntaxError: positional argument follows keyword argument
[2025-02-06T18:21:18.641+0000] {processor.py:838} WARNING - No viable dags retrieved from /workspaces/hands-on-introduction-data-engineering-4395021/airflow/dags/extract_dag.py
[2025-02-06T18:21:18.652+0000] {processor.py:179} INFO - Processing /workspaces/hands-on-introduction-data-engineering-4395021/airflow/dags/extract_dag.py took 0.017 seconds
[2025-02-06T18:21:19.780+0000] {processor.py:157} INFO - Started process (PID=10665) to work on /workspaces/hands-on-introduction-data-engineering-4395021/airflow/dags/extract_dag.py
[2025-02-06T18:21:19.780+0000] {processor.py:826} INFO - Processing file /workspaces/hands-on-introduction-data-engineering-4395021/airflow/dags/extract_dag.py for tasks to queue
[2025-02-06T18:21:19.781+0000] {logging_mixin.py:150} INFO - [2025-02-06T18:21:19.781+0000] {dagbag.py:541} INFO - Filling up the DagBag from /workspaces/hands-on-introduction-data-engineering-4395021/airflow/dags/extract_dag.py
[2025-02-06T18:21:19.783+0000] {logging_mixin.py:150} INFO - [2025-02-06T18:21:19.782+0000] {dagbag.py:350} ERROR - Failed to import: /workspaces/hands-on-introduction-data-engineering-4395021/airflow/dags/extract_dag.py
Traceback (most recent call last):
  File "/home/vscode/.local/lib/python3.10/site-packages/airflow/models/dagbag.py", line 346, in parse
    loader.exec_module(new_module)
  File "<frozen importlib._bootstrap_external>", line 879, in exec_module
  File "<frozen importlib._bootstrap_external>", line 1017, in get_code
  File "<frozen importlib._bootstrap_external>", line 947, in source_to_code
  File "<frozen importlib._bootstrap>", line 241, in _call_with_frames_removed
  File "/workspaces/hands-on-introduction-data-engineering-4395021/airflow/dags/extract_dag.py", line 8
    start_date=)
               ^
SyntaxError: invalid syntax
[2025-02-06T18:21:19.783+0000] {processor.py:838} WARNING - No viable dags retrieved from /workspaces/hands-on-introduction-data-engineering-4395021/airflow/dags/extract_dag.py
[2025-02-06T18:21:19.794+0000] {processor.py:179} INFO - Processing /workspaces/hands-on-introduction-data-engineering-4395021/airflow/dags/extract_dag.py took 0.016 seconds
[2025-02-06T18:21:22.244+0000] {processor.py:157} INFO - Started process (PID=10674) to work on /workspaces/hands-on-introduction-data-engineering-4395021/airflow/dags/extract_dag.py
[2025-02-06T18:21:22.245+0000] {processor.py:826} INFO - Processing file /workspaces/hands-on-introduction-data-engineering-4395021/airflow/dags/extract_dag.py for tasks to queue
[2025-02-06T18:21:22.246+0000] {logging_mixin.py:150} INFO - [2025-02-06T18:21:22.245+0000] {dagbag.py:541} INFO - Filling up the DagBag from /workspaces/hands-on-introduction-data-engineering-4395021/airflow/dags/extract_dag.py
[2025-02-06T18:21:22.248+0000] {logging_mixin.py:150} INFO - [2025-02-06T18:21:22.247+0000] {dagbag.py:350} ERROR - Failed to import: /workspaces/hands-on-introduction-data-engineering-4395021/airflow/dags/extract_dag.py
Traceback (most recent call last):
  File "/home/vscode/.local/lib/python3.10/site-packages/airflow/models/dagbag.py", line 346, in parse
    loader.exec_module(new_module)
  File "<frozen importlib._bootstrap_external>", line 879, in exec_module
  File "<frozen importlib._bootstrap_external>", line 1017, in get_code
  File "<frozen importlib._bootstrap_external>", line 947, in source_to_code
  File "<frozen importlib._bootstrap>", line 241, in _call_with_frames_removed
  File "/workspaces/hands-on-introduction-data-engineering-4395021/airflow/dags/extract_dag.py", line 8
    start_date=da)
                  ^
SyntaxError: expected ':'
[2025-02-06T18:21:22.248+0000] {processor.py:838} WARNING - No viable dags retrieved from /workspaces/hands-on-introduction-data-engineering-4395021/airflow/dags/extract_dag.py
[2025-02-06T18:21:22.259+0000] {processor.py:179} INFO - Processing /workspaces/hands-on-introduction-data-engineering-4395021/airflow/dags/extract_dag.py took 0.017 seconds
[2025-02-06T18:21:24.833+0000] {processor.py:157} INFO - Started process (PID=10688) to work on /workspaces/hands-on-introduction-data-engineering-4395021/airflow/dags/extract_dag.py
[2025-02-06T18:21:24.834+0000] {processor.py:826} INFO - Processing file /workspaces/hands-on-introduction-data-engineering-4395021/airflow/dags/extract_dag.py for tasks to queue
[2025-02-06T18:21:24.834+0000] {logging_mixin.py:150} INFO - [2025-02-06T18:21:24.834+0000] {dagbag.py:541} INFO - Filling up the DagBag from /workspaces/hands-on-introduction-data-engineering-4395021/airflow/dags/extract_dag.py
[2025-02-06T18:21:24.836+0000] {logging_mixin.py:150} INFO - [2025-02-06T18:21:24.836+0000] {dagbag.py:350} ERROR - Failed to import: /workspaces/hands-on-introduction-data-engineering-4395021/airflow/dags/extract_dag.py
Traceback (most recent call last):
  File "/home/vscode/.local/lib/python3.10/site-packages/airflow/models/dagbag.py", line 346, in parse
    loader.exec_module(new_module)
  File "<frozen importlib._bootstrap_external>", line 879, in exec_module
  File "<frozen importlib._bootstrap_external>", line 1017, in get_code
  File "<frozen importlib._bootstrap_external>", line 947, in source_to_code
  File "<frozen importlib._bootstrap>", line 241, in _call_with_frames_removed
  File "/workspaces/hands-on-introduction-data-engineering-4395021/airflow/dags/extract_dag.py", line 8
    start_date=datetime())
                          ^
SyntaxError: expected ':'
[2025-02-06T18:21:24.837+0000] {processor.py:838} WARNING - No viable dags retrieved from /workspaces/hands-on-introduction-data-engineering-4395021/airflow/dags/extract_dag.py
[2025-02-06T18:21:24.848+0000] {processor.py:179} INFO - Processing /workspaces/hands-on-introduction-data-engineering-4395021/airflow/dags/extract_dag.py took 0.017 seconds
[2025-02-06T18:21:27.308+0000] {processor.py:157} INFO - Started process (PID=10717) to work on /workspaces/hands-on-introduction-data-engineering-4395021/airflow/dags/extract_dag.py
[2025-02-06T18:21:27.309+0000] {processor.py:826} INFO - Processing file /workspaces/hands-on-introduction-data-engineering-4395021/airflow/dags/extract_dag.py for tasks to queue
[2025-02-06T18:21:27.310+0000] {logging_mixin.py:150} INFO - [2025-02-06T18:21:27.309+0000] {dagbag.py:541} INFO - Filling up the DagBag from /workspaces/hands-on-introduction-data-engineering-4395021/airflow/dags/extract_dag.py
[2025-02-06T18:21:27.312+0000] {logging_mixin.py:150} INFO - [2025-02-06T18:21:27.311+0000] {dagbag.py:350} ERROR - Failed to import: /workspaces/hands-on-introduction-data-engineering-4395021/airflow/dags/extract_dag.py
Traceback (most recent call last):
  File "/home/vscode/.local/lib/python3.10/site-packages/airflow/models/dagbag.py", line 346, in parse
    loader.exec_module(new_module)
  File "<frozen importlib._bootstrap_external>", line 879, in exec_module
  File "<frozen importlib._bootstrap_external>", line 1017, in get_code
  File "<frozen importlib._bootstrap_external>", line 947, in source_to_code
  File "<frozen importlib._bootstrap>", line 241, in _call_with_frames_removed
  File "/workspaces/hands-on-introduction-data-engineering-4395021/airflow/dags/extract_dag.py", line 8
    start_date=datetime(202))
                             ^
SyntaxError: expected ':'
[2025-02-06T18:21:27.312+0000] {processor.py:838} WARNING - No viable dags retrieved from /workspaces/hands-on-introduction-data-engineering-4395021/airflow/dags/extract_dag.py
[2025-02-06T18:21:27.323+0000] {processor.py:179} INFO - Processing /workspaces/hands-on-introduction-data-engineering-4395021/airflow/dags/extract_dag.py took 0.017 seconds
[2025-02-06T18:21:29.805+0000] {processor.py:157} INFO - Started process (PID=10731) to work on /workspaces/hands-on-introduction-data-engineering-4395021/airflow/dags/extract_dag.py
[2025-02-06T18:21:29.806+0000] {processor.py:826} INFO - Processing file /workspaces/hands-on-introduction-data-engineering-4395021/airflow/dags/extract_dag.py for tasks to queue
[2025-02-06T18:21:29.807+0000] {logging_mixin.py:150} INFO - [2025-02-06T18:21:29.806+0000] {dagbag.py:541} INFO - Filling up the DagBag from /workspaces/hands-on-introduction-data-engineering-4395021/airflow/dags/extract_dag.py
[2025-02-06T18:21:29.809+0000] {logging_mixin.py:150} INFO - [2025-02-06T18:21:29.808+0000] {dagbag.py:350} ERROR - Failed to import: /workspaces/hands-on-introduction-data-engineering-4395021/airflow/dags/extract_dag.py
Traceback (most recent call last):
  File "/home/vscode/.local/lib/python3.10/site-packages/airflow/models/dagbag.py", line 346, in parse
    loader.exec_module(new_module)
  File "<frozen importlib._bootstrap_external>", line 879, in exec_module
  File "<frozen importlib._bootstrap_external>", line 1017, in get_code
  File "<frozen importlib._bootstrap_external>", line 947, in source_to_code
  File "<frozen importlib._bootstrap>", line 241, in _call_with_frames_removed
  File "/workspaces/hands-on-introduction-data-engineering-4395021/airflow/dags/extract_dag.py", line 8
    start_date=datetime(2025,1,1))
                                  ^
SyntaxError: expected ':'
[2025-02-06T18:21:29.809+0000] {processor.py:838} WARNING - No viable dags retrieved from /workspaces/hands-on-introduction-data-engineering-4395021/airflow/dags/extract_dag.py
[2025-02-06T18:21:29.820+0000] {processor.py:179} INFO - Processing /workspaces/hands-on-introduction-data-engineering-4395021/airflow/dags/extract_dag.py took 0.017 seconds
[2025-02-06T18:21:32.372+0000] {processor.py:157} INFO - Started process (PID=10746) to work on /workspaces/hands-on-introduction-data-engineering-4395021/airflow/dags/extract_dag.py
[2025-02-06T18:21:32.373+0000] {processor.py:826} INFO - Processing file /workspaces/hands-on-introduction-data-engineering-4395021/airflow/dags/extract_dag.py for tasks to queue
[2025-02-06T18:21:32.374+0000] {logging_mixin.py:150} INFO - [2025-02-06T18:21:32.374+0000] {dagbag.py:541} INFO - Filling up the DagBag from /workspaces/hands-on-introduction-data-engineering-4395021/airflow/dags/extract_dag.py
[2025-02-06T18:21:32.377+0000] {logging_mixin.py:150} INFO - [2025-02-06T18:21:32.376+0000] {dagbag.py:350} ERROR - Failed to import: /workspaces/hands-on-introduction-data-engineering-4395021/airflow/dags/extract_dag.py
Traceback (most recent call last):
  File "/home/vscode/.local/lib/python3.10/site-packages/airflow/models/dagbag.py", line 346, in parse
    loader.exec_module(new_module)
  File "<frozen importlib._bootstrap_external>", line 879, in exec_module
  File "<frozen importlib._bootstrap_external>", line 1017, in get_code
  File "<frozen importlib._bootstrap_external>", line 947, in source_to_code
  File "<frozen importlib._bootstrap>", line 241, in _call_with_frames_removed
  File "/workspaces/hands-on-introduction-data-engineering-4395021/airflow/dags/extract_dag.py", line 8
    start_date=datetime(2025,1,1),)
                                   ^
SyntaxError: expected ':'
[2025-02-06T18:21:32.377+0000] {processor.py:838} WARNING - No viable dags retrieved from /workspaces/hands-on-introduction-data-engineering-4395021/airflow/dags/extract_dag.py
[2025-02-06T18:21:32.395+0000] {processor.py:179} INFO - Processing /workspaces/hands-on-introduction-data-engineering-4395021/airflow/dags/extract_dag.py took 0.025 seconds
[2025-02-06T18:21:33.503+0000] {processor.py:157} INFO - Started process (PID=10755) to work on /workspaces/hands-on-introduction-data-engineering-4395021/airflow/dags/extract_dag.py
[2025-02-06T18:21:33.504+0000] {processor.py:826} INFO - Processing file /workspaces/hands-on-introduction-data-engineering-4395021/airflow/dags/extract_dag.py for tasks to queue
[2025-02-06T18:21:33.504+0000] {logging_mixin.py:150} INFO - [2025-02-06T18:21:33.504+0000] {dagbag.py:541} INFO - Filling up the DagBag from /workspaces/hands-on-introduction-data-engineering-4395021/airflow/dags/extract_dag.py
[2025-02-06T18:21:33.507+0000] {logging_mixin.py:150} INFO - [2025-02-06T18:21:33.506+0000] {dagbag.py:350} ERROR - Failed to import: /workspaces/hands-on-introduction-data-engineering-4395021/airflow/dags/extract_dag.py
Traceback (most recent call last):
  File "/home/vscode/.local/lib/python3.10/site-packages/airflow/models/dagbag.py", line 346, in parse
    loader.exec_module(new_module)
  File "<frozen importlib._bootstrap_external>", line 879, in exec_module
  File "<frozen importlib._bootstrap_external>", line 1017, in get_code
  File "<frozen importlib._bootstrap_external>", line 947, in source_to_code
  File "<frozen importlib._bootstrap>", line 241, in _call_with_frames_removed
  File "/workspaces/hands-on-introduction-data-engineering-4395021/airflow/dags/extract_dag.py", line 9
    )
     ^
SyntaxError: expected ':'
[2025-02-06T18:21:33.507+0000] {processor.py:838} WARNING - No viable dags retrieved from /workspaces/hands-on-introduction-data-engineering-4395021/airflow/dags/extract_dag.py
[2025-02-06T18:21:33.518+0000] {processor.py:179} INFO - Processing /workspaces/hands-on-introduction-data-engineering-4395021/airflow/dags/extract_dag.py took 0.017 seconds
[2025-02-06T18:21:40.900+0000] {processor.py:157} INFO - Started process (PID=10802) to work on /workspaces/hands-on-introduction-data-engineering-4395021/airflow/dags/extract_dag.py
[2025-02-06T18:21:40.900+0000] {processor.py:826} INFO - Processing file /workspaces/hands-on-introduction-data-engineering-4395021/airflow/dags/extract_dag.py for tasks to queue
[2025-02-06T18:21:40.901+0000] {logging_mixin.py:150} INFO - [2025-02-06T18:21:40.901+0000] {dagbag.py:541} INFO - Filling up the DagBag from /workspaces/hands-on-introduction-data-engineering-4395021/airflow/dags/extract_dag.py
[2025-02-06T18:21:40.903+0000] {logging_mixin.py:150} INFO - [2025-02-06T18:21:40.903+0000] {dagbag.py:350} ERROR - Failed to import: /workspaces/hands-on-introduction-data-engineering-4395021/airflow/dags/extract_dag.py
Traceback (most recent call last):
  File "/home/vscode/.local/lib/python3.10/site-packages/airflow/models/dagbag.py", line 346, in parse
    loader.exec_module(new_module)
  File "<frozen importlib._bootstrap_external>", line 879, in exec_module
  File "<frozen importlib._bootstrap_external>", line 1017, in get_code
  File "<frozen importlib._bootstrap_external>", line 947, in source_to_code
  File "<frozen importlib._bootstrap>", line 241, in _call_with_frames_removed
  File "/workspaces/hands-on-introduction-data-engineering-4395021/airflow/dags/extract_dag.py", line 9
    catchup=False)
                  ^
SyntaxError: expected ':'
[2025-02-06T18:21:40.903+0000] {processor.py:838} WARNING - No viable dags retrieved from /workspaces/hands-on-introduction-data-engineering-4395021/airflow/dags/extract_dag.py
[2025-02-06T18:21:40.915+0000] {processor.py:179} INFO - Processing /workspaces/hands-on-introduction-data-engineering-4395021/airflow/dags/extract_dag.py took 0.017 seconds
[2025-02-06T18:21:46.455+0000] {processor.py:157} INFO - Started process (PID=10841) to work on /workspaces/hands-on-introduction-data-engineering-4395021/airflow/dags/extract_dag.py
[2025-02-06T18:21:46.455+0000] {processor.py:826} INFO - Processing file /workspaces/hands-on-introduction-data-engineering-4395021/airflow/dags/extract_dag.py for tasks to queue
[2025-02-06T18:21:46.456+0000] {logging_mixin.py:150} INFO - [2025-02-06T18:21:46.456+0000] {dagbag.py:541} INFO - Filling up the DagBag from /workspaces/hands-on-introduction-data-engineering-4395021/airflow/dags/extract_dag.py
[2025-02-06T18:21:46.458+0000] {logging_mixin.py:150} INFO - [2025-02-06T18:21:46.458+0000] {dagbag.py:350} ERROR - Failed to import: /workspaces/hands-on-introduction-data-engineering-4395021/airflow/dags/extract_dag.py
Traceback (most recent call last):
  File "/home/vscode/.local/lib/python3.10/site-packages/airflow/models/dagbag.py", line 346, in parse
    loader.exec_module(new_module)
  File "<frozen importlib._bootstrap_external>", line 879, in exec_module
  File "<frozen importlib._bootstrap_external>", line 1017, in get_code
  File "<frozen importlib._bootstrap_external>", line 947, in source_to_code
  File "<frozen importlib._bootstrap>", line 241, in _call_with_frames_removed
  File "/workspaces/hands-on-introduction-data-engineering-4395021/airflow/dags/extract_dag.py", line 9
    catchup=False) as dag
                         ^
SyntaxError: expected ':'
[2025-02-06T18:21:46.458+0000] {processor.py:838} WARNING - No viable dags retrieved from /workspaces/hands-on-introduction-data-engineering-4395021/airflow/dags/extract_dag.py
[2025-02-06T18:21:46.469+0000] {processor.py:179} INFO - Processing /workspaces/hands-on-introduction-data-engineering-4395021/airflow/dags/extract_dag.py took 0.016 seconds
[2025-02-06T18:21:51.590+0000] {processor.py:157} INFO - Started process (PID=10871) to work on /workspaces/hands-on-introduction-data-engineering-4395021/airflow/dags/extract_dag.py
[2025-02-06T18:21:51.590+0000] {processor.py:826} INFO - Processing file /workspaces/hands-on-introduction-data-engineering-4395021/airflow/dags/extract_dag.py for tasks to queue
[2025-02-06T18:21:51.591+0000] {logging_mixin.py:150} INFO - [2025-02-06T18:21:51.591+0000] {dagbag.py:541} INFO - Filling up the DagBag from /workspaces/hands-on-introduction-data-engineering-4395021/airflow/dags/extract_dag.py
[2025-02-06T18:21:51.593+0000] {logging_mixin.py:150} INFO - [2025-02-06T18:21:51.592+0000] {dagbag.py:350} ERROR - Failed to import: /workspaces/hands-on-introduction-data-engineering-4395021/airflow/dags/extract_dag.py
Traceback (most recent call last):
  File "/home/vscode/.local/lib/python3.10/site-packages/airflow/models/dagbag.py", line 346, in parse
    loader.exec_module(new_module)
  File "<frozen importlib._bootstrap_external>", line 879, in exec_module
  File "<frozen importlib._bootstrap_external>", line 1017, in get_code
  File "<frozen importlib._bootstrap_external>", line 947, in source_to_code
  File "<frozen importlib._bootstrap>", line 241, in _call_with_frames_removed
  File "/workspaces/hands-on-introduction-data-engineering-4395021/airflow/dags/extract_dag.py", line 10
    
    ^
IndentationError: expected an indented block after 'with' statement on line 6
[2025-02-06T18:21:51.593+0000] {processor.py:838} WARNING - No viable dags retrieved from /workspaces/hands-on-introduction-data-engineering-4395021/airflow/dags/extract_dag.py
[2025-02-06T18:21:51.607+0000] {processor.py:179} INFO - Processing /workspaces/hands-on-introduction-data-engineering-4395021/airflow/dags/extract_dag.py took 0.020 seconds
[2025-02-06T18:21:56.729+0000] {processor.py:157} INFO - Started process (PID=10913) to work on /workspaces/hands-on-introduction-data-engineering-4395021/airflow/dags/extract_dag.py
[2025-02-06T18:21:56.730+0000] {processor.py:826} INFO - Processing file /workspaces/hands-on-introduction-data-engineering-4395021/airflow/dags/extract_dag.py for tasks to queue
[2025-02-06T18:21:56.731+0000] {logging_mixin.py:150} INFO - [2025-02-06T18:21:56.731+0000] {dagbag.py:541} INFO - Filling up the DagBag from /workspaces/hands-on-introduction-data-engineering-4395021/airflow/dags/extract_dag.py
[2025-02-06T18:21:56.738+0000] {logging_mixin.py:150} INFO - [2025-02-06T18:21:56.735+0000] {dagbag.py:350} ERROR - Failed to import: /workspaces/hands-on-introduction-data-engineering-4395021/airflow/dags/extract_dag.py
Traceback (most recent call last):
  File "/home/vscode/.local/lib/python3.10/site-packages/airflow/models/dagbag.py", line 346, in parse
    loader.exec_module(new_module)
  File "<frozen importlib._bootstrap_external>", line 883, in exec_module
  File "<frozen importlib._bootstrap>", line 241, in _call_with_frames_removed
  File "/workspaces/hands-on-introduction-data-engineering-4395021/airflow/dags/extract_dag.py", line 11, in <module>
    extr
NameError: name 'extr' is not defined
[2025-02-06T18:21:56.739+0000] {processor.py:838} WARNING - No viable dags retrieved from /workspaces/hands-on-introduction-data-engineering-4395021/airflow/dags/extract_dag.py
[2025-02-06T18:21:56.753+0000] {processor.py:179} INFO - Processing /workspaces/hands-on-introduction-data-engineering-4395021/airflow/dags/extract_dag.py took 0.027 seconds
[2025-02-06T18:21:57.884+0000] {processor.py:157} INFO - Started process (PID=10927) to work on /workspaces/hands-on-introduction-data-engineering-4395021/airflow/dags/extract_dag.py
[2025-02-06T18:21:57.885+0000] {processor.py:826} INFO - Processing file /workspaces/hands-on-introduction-data-engineering-4395021/airflow/dags/extract_dag.py for tasks to queue
[2025-02-06T18:21:57.885+0000] {logging_mixin.py:150} INFO - [2025-02-06T18:21:57.885+0000] {dagbag.py:541} INFO - Filling up the DagBag from /workspaces/hands-on-introduction-data-engineering-4395021/airflow/dags/extract_dag.py
[2025-02-06T18:21:57.890+0000] {logging_mixin.py:150} INFO - [2025-02-06T18:21:57.889+0000] {dagbag.py:350} ERROR - Failed to import: /workspaces/hands-on-introduction-data-engineering-4395021/airflow/dags/extract_dag.py
Traceback (most recent call last):
  File "/home/vscode/.local/lib/python3.10/site-packages/airflow/models/dagbag.py", line 346, in parse
    loader.exec_module(new_module)
  File "<frozen importlib._bootstrap_external>", line 883, in exec_module
  File "<frozen importlib._bootstrap>", line 241, in _call_with_frames_removed
  File "/workspaces/hands-on-introduction-data-engineering-4395021/airflow/dags/extract_dag.py", line 11, in <module>
    extract
NameError: name 'extract' is not defined
[2025-02-06T18:21:57.892+0000] {processor.py:838} WARNING - No viable dags retrieved from /workspaces/hands-on-introduction-data-engineering-4395021/airflow/dags/extract_dag.py
[2025-02-06T18:21:57.904+0000] {processor.py:179} INFO - Processing /workspaces/hands-on-introduction-data-engineering-4395021/airflow/dags/extract_dag.py took 0.022 seconds
[2025-02-06T18:22:01.872+0000] {processor.py:157} INFO - Started process (PID=10942) to work on /workspaces/hands-on-introduction-data-engineering-4395021/airflow/dags/extract_dag.py
[2025-02-06T18:22:01.874+0000] {processor.py:826} INFO - Processing file /workspaces/hands-on-introduction-data-engineering-4395021/airflow/dags/extract_dag.py for tasks to queue
[2025-02-06T18:22:01.875+0000] {logging_mixin.py:150} INFO - [2025-02-06T18:22:01.874+0000] {dagbag.py:541} INFO - Filling up the DagBag from /workspaces/hands-on-introduction-data-engineering-4395021/airflow/dags/extract_dag.py
[2025-02-06T18:22:01.877+0000] {logging_mixin.py:150} INFO - [2025-02-06T18:22:01.877+0000] {dagbag.py:350} ERROR - Failed to import: /workspaces/hands-on-introduction-data-engineering-4395021/airflow/dags/extract_dag.py
Traceback (most recent call last):
  File "/home/vscode/.local/lib/python3.10/site-packages/airflow/models/dagbag.py", line 346, in parse
    loader.exec_module(new_module)
  File "<frozen importlib._bootstrap_external>", line 879, in exec_module
  File "<frozen importlib._bootstrap_external>", line 1017, in get_code
  File "<frozen importlib._bootstrap_external>", line 947, in source_to_code
  File "<frozen importlib._bootstrap>", line 241, in _call_with_frames_removed
  File "/workspaces/hands-on-introduction-data-engineering-4395021/airflow/dags/extract_dag.py", line 11
    extract_task = 
                   ^
SyntaxError: invalid syntax
[2025-02-06T18:22:01.879+0000] {processor.py:838} WARNING - No viable dags retrieved from /workspaces/hands-on-introduction-data-engineering-4395021/airflow/dags/extract_dag.py
[2025-02-06T18:22:01.894+0000] {processor.py:179} INFO - Processing /workspaces/hands-on-introduction-data-engineering-4395021/airflow/dags/extract_dag.py took 0.024 seconds
[2025-02-06T18:22:06.115+0000] {processor.py:157} INFO - Started process (PID=10981) to work on /workspaces/hands-on-introduction-data-engineering-4395021/airflow/dags/extract_dag.py
[2025-02-06T18:22:06.116+0000] {processor.py:826} INFO - Processing file /workspaces/hands-on-introduction-data-engineering-4395021/airflow/dags/extract_dag.py for tasks to queue
[2025-02-06T18:22:06.117+0000] {logging_mixin.py:150} INFO - [2025-02-06T18:22:06.116+0000] {dagbag.py:541} INFO - Filling up the DagBag from /workspaces/hands-on-introduction-data-engineering-4395021/airflow/dags/extract_dag.py
[2025-02-06T18:22:06.121+0000] {logging_mixin.py:150} INFO - [2025-02-06T18:22:06.120+0000] {dagbag.py:350} ERROR - Failed to import: /workspaces/hands-on-introduction-data-engineering-4395021/airflow/dags/extract_dag.py
Traceback (most recent call last):
  File "/home/vscode/.local/lib/python3.10/site-packages/airflow/models/dagbag.py", line 346, in parse
    loader.exec_module(new_module)
  File "<frozen importlib._bootstrap_external>", line 883, in exec_module
  File "<frozen importlib._bootstrap>", line 241, in _call_with_frames_removed
  File "/workspaces/hands-on-introduction-data-engineering-4395021/airflow/dags/extract_dag.py", line 11, in <module>
    extract_task = bas
NameError: name 'bas' is not defined
[2025-02-06T18:22:06.122+0000] {processor.py:838} WARNING - No viable dags retrieved from /workspaces/hands-on-introduction-data-engineering-4395021/airflow/dags/extract_dag.py
[2025-02-06T18:22:06.133+0000] {processor.py:179} INFO - Processing /workspaces/hands-on-introduction-data-engineering-4395021/airflow/dags/extract_dag.py took 0.020 seconds
[2025-02-06T18:22:07.858+0000] {processor.py:157} INFO - Started process (PID=10984) to work on /workspaces/hands-on-introduction-data-engineering-4395021/airflow/dags/extract_dag.py
[2025-02-06T18:22:07.859+0000] {processor.py:826} INFO - Processing file /workspaces/hands-on-introduction-data-engineering-4395021/airflow/dags/extract_dag.py for tasks to queue
[2025-02-06T18:22:07.860+0000] {logging_mixin.py:150} INFO - [2025-02-06T18:22:07.859+0000] {dagbag.py:541} INFO - Filling up the DagBag from /workspaces/hands-on-introduction-data-engineering-4395021/airflow/dags/extract_dag.py
[2025-02-06T18:22:07.864+0000] {logging_mixin.py:150} INFO - [2025-02-06T18:22:07.863+0000] {dagbag.py:350} ERROR - Failed to import: /workspaces/hands-on-introduction-data-engineering-4395021/airflow/dags/extract_dag.py
Traceback (most recent call last):
  File "/home/vscode/.local/lib/python3.10/site-packages/airflow/models/dagbag.py", line 346, in parse
    loader.exec_module(new_module)
  File "<frozen importlib._bootstrap_external>", line 883, in exec_module
  File "<frozen importlib._bootstrap>", line 241, in _call_with_frames_removed
  File "/workspaces/hands-on-introduction-data-engineering-4395021/airflow/dags/extract_dag.py", line 11, in <module>
    extract_task = BashOperator()
  File "/home/vscode/.local/lib/python3.10/site-packages/airflow/models/baseoperator.py", line 412, in apply_defaults
    raise AirflowException(f"missing keyword argument {missing_args.pop()!r}")
airflow.exceptions.AirflowException: missing keyword argument 'bash_command'
[2025-02-06T18:22:07.864+0000] {processor.py:838} WARNING - No viable dags retrieved from /workspaces/hands-on-introduction-data-engineering-4395021/airflow/dags/extract_dag.py
[2025-02-06T18:22:07.875+0000] {processor.py:179} INFO - Processing /workspaces/hands-on-introduction-data-engineering-4395021/airflow/dags/extract_dag.py took 0.019 seconds
[2025-02-06T18:22:11.004+0000] {processor.py:157} INFO - Started process (PID=11010) to work on /workspaces/hands-on-introduction-data-engineering-4395021/airflow/dags/extract_dag.py
[2025-02-06T18:22:11.005+0000] {processor.py:826} INFO - Processing file /workspaces/hands-on-introduction-data-engineering-4395021/airflow/dags/extract_dag.py for tasks to queue
[2025-02-06T18:22:11.005+0000] {logging_mixin.py:150} INFO - [2025-02-06T18:22:11.005+0000] {dagbag.py:541} INFO - Filling up the DagBag from /workspaces/hands-on-introduction-data-engineering-4395021/airflow/dags/extract_dag.py
[2025-02-06T18:22:11.010+0000] {logging_mixin.py:150} INFO - [2025-02-06T18:22:11.009+0000] {dagbag.py:350} ERROR - Failed to import: /workspaces/hands-on-introduction-data-engineering-4395021/airflow/dags/extract_dag.py
Traceback (most recent call last):
  File "/home/vscode/.local/lib/python3.10/site-packages/airflow/models/dagbag.py", line 346, in parse
    loader.exec_module(new_module)
  File "<frozen importlib._bootstrap_external>", line 883, in exec_module
  File "<frozen importlib._bootstrap>", line 241, in _call_with_frames_removed
  File "/workspaces/hands-on-introduction-data-engineering-4395021/airflow/dags/extract_dag.py", line 11, in <module>
    extract_task = BashOperator(
  File "/home/vscode/.local/lib/python3.10/site-packages/airflow/models/baseoperator.py", line 412, in apply_defaults
    raise AirflowException(f"missing keyword argument {missing_args.pop()!r}")
airflow.exceptions.AirflowException: missing keyword argument 'bash_command'
[2025-02-06T18:22:11.010+0000] {processor.py:838} WARNING - No viable dags retrieved from /workspaces/hands-on-introduction-data-engineering-4395021/airflow/dags/extract_dag.py
[2025-02-06T18:22:11.022+0000] {processor.py:179} INFO - Processing /workspaces/hands-on-introduction-data-engineering-4395021/airflow/dags/extract_dag.py took 0.020 seconds
[2025-02-06T18:22:14.155+0000] {processor.py:157} INFO - Started process (PID=11032) to work on /workspaces/hands-on-introduction-data-engineering-4395021/airflow/dags/extract_dag.py
[2025-02-06T18:22:14.156+0000] {processor.py:826} INFO - Processing file /workspaces/hands-on-introduction-data-engineering-4395021/airflow/dags/extract_dag.py for tasks to queue
[2025-02-06T18:22:14.157+0000] {logging_mixin.py:150} INFO - [2025-02-06T18:22:14.156+0000] {dagbag.py:541} INFO - Filling up the DagBag from /workspaces/hands-on-introduction-data-engineering-4395021/airflow/dags/extract_dag.py
[2025-02-06T18:22:14.161+0000] {logging_mixin.py:150} INFO - [2025-02-06T18:22:14.160+0000] {dagbag.py:350} ERROR - Failed to import: /workspaces/hands-on-introduction-data-engineering-4395021/airflow/dags/extract_dag.py
Traceback (most recent call last):
  File "/home/vscode/.local/lib/python3.10/site-packages/airflow/models/dagbag.py", line 346, in parse
    loader.exec_module(new_module)
  File "<frozen importlib._bootstrap_external>", line 883, in exec_module
  File "<frozen importlib._bootstrap>", line 241, in _call_with_frames_removed
  File "/workspaces/hands-on-introduction-data-engineering-4395021/airflow/dags/extract_dag.py", line 11, in <module>
    extract_task = BashOperator(
  File "/home/vscode/.local/lib/python3.10/site-packages/airflow/models/baseoperator.py", line 412, in apply_defaults
    raise AirflowException(f"missing keyword argument {missing_args.pop()!r}")
airflow.exceptions.AirflowException: missing keyword argument 'bash_command'
[2025-02-06T18:22:14.161+0000] {processor.py:838} WARNING - No viable dags retrieved from /workspaces/hands-on-introduction-data-engineering-4395021/airflow/dags/extract_dag.py
[2025-02-06T18:22:14.173+0000] {processor.py:179} INFO - Processing /workspaces/hands-on-introduction-data-engineering-4395021/airflow/dags/extract_dag.py took 0.019 seconds
[2025-02-06T18:22:22.067+0000] {processor.py:157} INFO - Started process (PID=11080) to work on /workspaces/hands-on-introduction-data-engineering-4395021/airflow/dags/extract_dag.py
[2025-02-06T18:22:22.068+0000] {processor.py:826} INFO - Processing file /workspaces/hands-on-introduction-data-engineering-4395021/airflow/dags/extract_dag.py for tasks to queue
[2025-02-06T18:22:22.068+0000] {logging_mixin.py:150} INFO - [2025-02-06T18:22:22.068+0000] {dagbag.py:541} INFO - Filling up the DagBag from /workspaces/hands-on-introduction-data-engineering-4395021/airflow/dags/extract_dag.py
[2025-02-06T18:22:22.070+0000] {logging_mixin.py:150} INFO - [2025-02-06T18:22:22.070+0000] {dagbag.py:350} ERROR - Failed to import: /workspaces/hands-on-introduction-data-engineering-4395021/airflow/dags/extract_dag.py
Traceback (most recent call last):
  File "/home/vscode/.local/lib/python3.10/site-packages/airflow/models/dagbag.py", line 346, in parse
    loader.exec_module(new_module)
  File "<frozen importlib._bootstrap_external>", line 879, in exec_module
  File "<frozen importlib._bootstrap_external>", line 1017, in get_code
  File "<frozen importlib._bootstrap_external>", line 947, in source_to_code
  File "<frozen importlib._bootstrap>", line 241, in _call_with_frames_removed
  File "/workspaces/hands-on-introduction-data-engineering-4395021/airflow/dags/extract_dag.py", line 13
    )
    ^
SyntaxError: invalid syntax
[2025-02-06T18:22:22.071+0000] {processor.py:838} WARNING - No viable dags retrieved from /workspaces/hands-on-introduction-data-engineering-4395021/airflow/dags/extract_dag.py
[2025-02-06T18:22:22.082+0000] {processor.py:179} INFO - Processing /workspaces/hands-on-introduction-data-engineering-4395021/airflow/dags/extract_dag.py took 0.017 seconds
[2025-02-06T18:22:27.121+0000] {processor.py:157} INFO - Started process (PID=11121) to work on /workspaces/hands-on-introduction-data-engineering-4395021/airflow/dags/extract_dag.py
[2025-02-06T18:22:27.121+0000] {processor.py:826} INFO - Processing file /workspaces/hands-on-introduction-data-engineering-4395021/airflow/dags/extract_dag.py for tasks to queue
[2025-02-06T18:22:27.122+0000] {logging_mixin.py:150} INFO - [2025-02-06T18:22:27.122+0000] {dagbag.py:541} INFO - Filling up the DagBag from /workspaces/hands-on-introduction-data-engineering-4395021/airflow/dags/extract_dag.py
[2025-02-06T18:22:27.124+0000] {logging_mixin.py:150} INFO - [2025-02-06T18:22:27.124+0000] {dagbag.py:350} ERROR - Failed to import: /workspaces/hands-on-introduction-data-engineering-4395021/airflow/dags/extract_dag.py
Traceback (most recent call last):
  File "/home/vscode/.local/lib/python3.10/site-packages/airflow/models/dagbag.py", line 346, in parse
    loader.exec_module(new_module)
  File "<frozen importlib._bootstrap_external>", line 879, in exec_module
  File "<frozen importlib._bootstrap_external>", line 1017, in get_code
  File "<frozen importlib._bootstrap_external>", line 947, in source_to_code
  File "<frozen importlib._bootstrap>", line 241, in _call_with_frames_removed
  File "/workspaces/hands-on-introduction-data-engineering-4395021/airflow/dags/extract_dag.py", line 13
    )
    ^
SyntaxError: invalid syntax
[2025-02-06T18:22:27.124+0000] {processor.py:838} WARNING - No viable dags retrieved from /workspaces/hands-on-introduction-data-engineering-4395021/airflow/dags/extract_dag.py
[2025-02-06T18:22:27.136+0000] {processor.py:179} INFO - Processing /workspaces/hands-on-introduction-data-engineering-4395021/airflow/dags/extract_dag.py took 0.017 seconds
[2025-02-06T18:22:28.268+0000] {processor.py:157} INFO - Started process (PID=11123) to work on /workspaces/hands-on-introduction-data-engineering-4395021/airflow/dags/extract_dag.py
[2025-02-06T18:22:28.269+0000] {processor.py:826} INFO - Processing file /workspaces/hands-on-introduction-data-engineering-4395021/airflow/dags/extract_dag.py for tasks to queue
[2025-02-06T18:22:28.270+0000] {logging_mixin.py:150} INFO - [2025-02-06T18:22:28.270+0000] {dagbag.py:541} INFO - Filling up the DagBag from /workspaces/hands-on-introduction-data-engineering-4395021/airflow/dags/extract_dag.py
[2025-02-06T18:22:28.277+0000] {logging_mixin.py:150} INFO - [2025-02-06T18:22:28.275+0000] {dagbag.py:350} ERROR - Failed to import: /workspaces/hands-on-introduction-data-engineering-4395021/airflow/dags/extract_dag.py
Traceback (most recent call last):
  File "/home/vscode/.local/lib/python3.10/site-packages/airflow/models/dagbag.py", line 346, in parse
    loader.exec_module(new_module)
  File "<frozen importlib._bootstrap_external>", line 883, in exec_module
  File "<frozen importlib._bootstrap>", line 241, in _call_with_frames_removed
  File "/workspaces/hands-on-introduction-data-engineering-4395021/airflow/dags/extract_dag.py", line 11, in <module>
    extract_task = BashOperator(
  File "/home/vscode/.local/lib/python3.10/site-packages/airflow/models/baseoperator.py", line 412, in apply_defaults
    raise AirflowException(f"missing keyword argument {missing_args.pop()!r}")
airflow.exceptions.AirflowException: missing keyword argument 'bash_command'
[2025-02-06T18:22:28.277+0000] {processor.py:838} WARNING - No viable dags retrieved from /workspaces/hands-on-introduction-data-engineering-4395021/airflow/dags/extract_dag.py
[2025-02-06T18:22:28.303+0000] {processor.py:179} INFO - Processing /workspaces/hands-on-introduction-data-engineering-4395021/airflow/dags/extract_dag.py took 0.037 seconds
[2025-02-06T18:22:32.119+0000] {processor.py:157} INFO - Started process (PID=11151) to work on /workspaces/hands-on-introduction-data-engineering-4395021/airflow/dags/extract_dag.py
[2025-02-06T18:22:32.120+0000] {processor.py:826} INFO - Processing file /workspaces/hands-on-introduction-data-engineering-4395021/airflow/dags/extract_dag.py for tasks to queue
[2025-02-06T18:22:32.121+0000] {logging_mixin.py:150} INFO - [2025-02-06T18:22:32.121+0000] {dagbag.py:541} INFO - Filling up the DagBag from /workspaces/hands-on-introduction-data-engineering-4395021/airflow/dags/extract_dag.py
[2025-02-06T18:22:32.128+0000] {logging_mixin.py:150} INFO - [2025-02-06T18:22:32.127+0000] {dagbag.py:350} ERROR - Failed to import: /workspaces/hands-on-introduction-data-engineering-4395021/airflow/dags/extract_dag.py
Traceback (most recent call last):
  File "/home/vscode/.local/lib/python3.10/site-packages/airflow/models/dagbag.py", line 346, in parse
    loader.exec_module(new_module)
  File "<frozen importlib._bootstrap_external>", line 883, in exec_module
  File "<frozen importlib._bootstrap>", line 241, in _call_with_frames_removed
  File "/workspaces/hands-on-introduction-data-engineering-4395021/airflow/dags/extract_dag.py", line 11, in <module>
    extract_task = BashOperator(
  File "/home/vscode/.local/lib/python3.10/site-packages/airflow/models/baseoperator.py", line 412, in apply_defaults
    raise AirflowException(f"missing keyword argument {missing_args.pop()!r}")
airflow.exceptions.AirflowException: missing keyword argument 'bash_command'
[2025-02-06T18:22:32.129+0000] {processor.py:838} WARNING - No viable dags retrieved from /workspaces/hands-on-introduction-data-engineering-4395021/airflow/dags/extract_dag.py
[2025-02-06T18:22:32.144+0000] {processor.py:179} INFO - Processing /workspaces/hands-on-introduction-data-engineering-4395021/airflow/dags/extract_dag.py took 0.027 seconds
[2025-02-06T18:22:33.303+0000] {processor.py:157} INFO - Started process (PID=11159) to work on /workspaces/hands-on-introduction-data-engineering-4395021/airflow/dags/extract_dag.py
[2025-02-06T18:22:33.303+0000] {processor.py:826} INFO - Processing file /workspaces/hands-on-introduction-data-engineering-4395021/airflow/dags/extract_dag.py for tasks to queue
[2025-02-06T18:22:33.304+0000] {logging_mixin.py:150} INFO - [2025-02-06T18:22:33.304+0000] {dagbag.py:541} INFO - Filling up the DagBag from /workspaces/hands-on-introduction-data-engineering-4395021/airflow/dags/extract_dag.py
[2025-02-06T18:22:33.308+0000] {logging_mixin.py:150} INFO - [2025-02-06T18:22:33.307+0000] {dagbag.py:350} ERROR - Failed to import: /workspaces/hands-on-introduction-data-engineering-4395021/airflow/dags/extract_dag.py
Traceback (most recent call last):
  File "/home/vscode/.local/lib/python3.10/site-packages/airflow/models/dagbag.py", line 346, in parse
    loader.exec_module(new_module)
  File "<frozen importlib._bootstrap_external>", line 883, in exec_module
  File "<frozen importlib._bootstrap>", line 241, in _call_with_frames_removed
  File "/workspaces/hands-on-introduction-data-engineering-4395021/airflow/dags/extract_dag.py", line 11, in <module>
    extract_task = BashOperator(
  File "/home/vscode/.local/lib/python3.10/site-packages/airflow/models/baseoperator.py", line 412, in apply_defaults
    raise AirflowException(f"missing keyword argument {missing_args.pop()!r}")
airflow.exceptions.AirflowException: missing keyword argument 'bash_command'
[2025-02-06T18:22:33.308+0000] {processor.py:838} WARNING - No viable dags retrieved from /workspaces/hands-on-introduction-data-engineering-4395021/airflow/dags/extract_dag.py
[2025-02-06T18:22:33.320+0000] {processor.py:179} INFO - Processing /workspaces/hands-on-introduction-data-engineering-4395021/airflow/dags/extract_dag.py took 0.019 seconds
[2025-02-06T18:22:35.474+0000] {processor.py:157} INFO - Started process (PID=11178) to work on /workspaces/hands-on-introduction-data-engineering-4395021/airflow/dags/extract_dag.py
[2025-02-06T18:22:35.474+0000] {processor.py:826} INFO - Processing file /workspaces/hands-on-introduction-data-engineering-4395021/airflow/dags/extract_dag.py for tasks to queue
[2025-02-06T18:22:35.475+0000] {logging_mixin.py:150} INFO - [2025-02-06T18:22:35.475+0000] {dagbag.py:541} INFO - Filling up the DagBag from /workspaces/hands-on-introduction-data-engineering-4395021/airflow/dags/extract_dag.py
[2025-02-06T18:22:35.477+0000] {logging_mixin.py:150} INFO - [2025-02-06T18:22:35.476+0000] {dagbag.py:350} ERROR - Failed to import: /workspaces/hands-on-introduction-data-engineering-4395021/airflow/dags/extract_dag.py
Traceback (most recent call last):
  File "/home/vscode/.local/lib/python3.10/site-packages/airflow/models/dagbag.py", line 346, in parse
    loader.exec_module(new_module)
  File "<frozen importlib._bootstrap_external>", line 879, in exec_module
  File "<frozen importlib._bootstrap_external>", line 1017, in get_code
  File "<frozen importlib._bootstrap_external>", line 947, in source_to_code
  File "<frozen importlib._bootstrap>", line 241, in _call_with_frames_removed
  File "/workspaces/hands-on-introduction-data-engineering-4395021/airflow/dags/extract_dag.py", line 14
    )
    ^
SyntaxError: invalid syntax
[2025-02-06T18:22:35.477+0000] {processor.py:838} WARNING - No viable dags retrieved from /workspaces/hands-on-introduction-data-engineering-4395021/airflow/dags/extract_dag.py
[2025-02-06T18:22:35.489+0000] {processor.py:179} INFO - Processing /workspaces/hands-on-introduction-data-engineering-4395021/airflow/dags/extract_dag.py took 0.018 seconds
[2025-02-06T18:22:45.441+0000] {processor.py:157} INFO - Started process (PID=11235) to work on /workspaces/hands-on-introduction-data-engineering-4395021/airflow/dags/extract_dag.py
[2025-02-06T18:22:45.442+0000] {processor.py:826} INFO - Processing file /workspaces/hands-on-introduction-data-engineering-4395021/airflow/dags/extract_dag.py for tasks to queue
[2025-02-06T18:22:45.443+0000] {logging_mixin.py:150} INFO - [2025-02-06T18:22:45.442+0000] {dagbag.py:541} INFO - Filling up the DagBag from /workspaces/hands-on-introduction-data-engineering-4395021/airflow/dags/extract_dag.py
[2025-02-06T18:22:45.452+0000] {processor.py:836} INFO - DAG(s) dict_keys(['extract_dag']) retrieved from /workspaces/hands-on-introduction-data-engineering-4395021/airflow/dags/extract_dag.py
[2025-02-06T18:22:45.528+0000] {logging_mixin.py:150} INFO - [2025-02-06T18:22:45.527+0000] {manager.py:504} INFO - Created Permission View: can read on DAG:extract_dag
[2025-02-06T18:22:45.536+0000] {logging_mixin.py:150} INFO - [2025-02-06T18:22:45.536+0000] {manager.py:504} INFO - Created Permission View: can delete on DAG:extract_dag
[2025-02-06T18:22:45.540+0000] {logging_mixin.py:150} INFO - [2025-02-06T18:22:45.540+0000] {manager.py:504} INFO - Created Permission View: can edit on DAG:extract_dag
[2025-02-06T18:22:45.547+0000] {logging_mixin.py:150} INFO - [2025-02-06T18:22:45.547+0000] {dag.py:2742} INFO - Sync 1 DAGs
[2025-02-06T18:22:45.554+0000] {logging_mixin.py:150} INFO - [2025-02-06T18:22:45.554+0000] {dag.py:2763} INFO - Creating ORM DAG for extract_dag
[2025-02-06T18:22:45.559+0000] {logging_mixin.py:150} INFO - [2025-02-06T18:22:45.559+0000] {dag.py:3504} INFO - Setting next_dagrun for extract_dag to None, run_after=None
[2025-02-06T18:22:45.572+0000] {processor.py:179} INFO - Processing /workspaces/hands-on-introduction-data-engineering-4395021/airflow/dags/extract_dag.py took 0.133 seconds
[2025-02-06T18:22:54.095+0000] {processor.py:157} INFO - Started process (PID=11297) to work on /workspaces/hands-on-introduction-data-engineering-4395021/airflow/dags/extract_dag.py
[2025-02-06T18:22:54.096+0000] {processor.py:826} INFO - Processing file /workspaces/hands-on-introduction-data-engineering-4395021/airflow/dags/extract_dag.py for tasks to queue
[2025-02-06T18:22:54.097+0000] {logging_mixin.py:150} INFO - [2025-02-06T18:22:54.097+0000] {dagbag.py:541} INFO - Filling up the DagBag from /workspaces/hands-on-introduction-data-engineering-4395021/airflow/dags/extract_dag.py
[2025-02-06T18:22:54.105+0000] {processor.py:836} INFO - DAG(s) dict_keys(['extract_dag']) retrieved from /workspaces/hands-on-introduction-data-engineering-4395021/airflow/dags/extract_dag.py
[2025-02-06T18:22:54.110+0000] {logging_mixin.py:150} INFO - [2025-02-06T18:22:54.110+0000] {dag.py:2742} INFO - Sync 1 DAGs
[2025-02-06T18:22:54.123+0000] {logging_mixin.py:150} INFO - [2025-02-06T18:22:54.123+0000] {dag.py:3504} INFO - Setting next_dagrun for extract_dag to None, run_after=None
[2025-02-06T18:22:54.138+0000] {processor.py:179} INFO - Processing /workspaces/hands-on-introduction-data-engineering-4395021/airflow/dags/extract_dag.py took 0.044 seconds
[2025-02-06T18:23:01.159+0000] {processor.py:157} INFO - Started process (PID=11350) to work on /workspaces/hands-on-introduction-data-engineering-4395021/airflow/dags/extract_dag.py
[2025-02-06T18:23:01.160+0000] {processor.py:826} INFO - Processing file /workspaces/hands-on-introduction-data-engineering-4395021/airflow/dags/extract_dag.py for tasks to queue
[2025-02-06T18:23:01.160+0000] {logging_mixin.py:150} INFO - [2025-02-06T18:23:01.160+0000] {dagbag.py:541} INFO - Filling up the DagBag from /workspaces/hands-on-introduction-data-engineering-4395021/airflow/dags/extract_dag.py
[2025-02-06T18:23:01.167+0000] {processor.py:836} INFO - DAG(s) dict_keys(['extract_dag']) retrieved from /workspaces/hands-on-introduction-data-engineering-4395021/airflow/dags/extract_dag.py
[2025-02-06T18:23:01.173+0000] {logging_mixin.py:150} INFO - [2025-02-06T18:23:01.173+0000] {dag.py:2742} INFO - Sync 1 DAGs
[2025-02-06T18:23:01.186+0000] {logging_mixin.py:150} INFO - [2025-02-06T18:23:01.186+0000] {dag.py:3504} INFO - Setting next_dagrun for extract_dag to None, run_after=None
[2025-02-06T18:23:01.202+0000] {processor.py:179} INFO - Processing /workspaces/hands-on-introduction-data-engineering-4395021/airflow/dags/extract_dag.py took 0.044 seconds
[2025-02-06T18:23:02.303+0000] {processor.py:157} INFO - Started process (PID=11352) to work on /workspaces/hands-on-introduction-data-engineering-4395021/airflow/dags/extract_dag.py
[2025-02-06T18:23:02.304+0000] {processor.py:826} INFO - Processing file /workspaces/hands-on-introduction-data-engineering-4395021/airflow/dags/extract_dag.py for tasks to queue
[2025-02-06T18:23:02.305+0000] {logging_mixin.py:150} INFO - [2025-02-06T18:23:02.305+0000] {dagbag.py:541} INFO - Filling up the DagBag from /workspaces/hands-on-introduction-data-engineering-4395021/airflow/dags/extract_dag.py
[2025-02-06T18:23:02.315+0000] {processor.py:836} INFO - DAG(s) dict_keys(['extract_dag']) retrieved from /workspaces/hands-on-introduction-data-engineering-4395021/airflow/dags/extract_dag.py
[2025-02-06T18:23:02.323+0000] {logging_mixin.py:150} INFO - [2025-02-06T18:23:02.323+0000] {dag.py:2742} INFO - Sync 1 DAGs
[2025-02-06T18:23:02.341+0000] {logging_mixin.py:150} INFO - [2025-02-06T18:23:02.341+0000] {dag.py:3504} INFO - Setting next_dagrun for extract_dag to None, run_after=None
[2025-02-06T18:23:02.364+0000] {processor.py:179} INFO - Processing /workspaces/hands-on-introduction-data-engineering-4395021/airflow/dags/extract_dag.py took 0.064 seconds
[2025-02-06T18:23:04.552+0000] {processor.py:157} INFO - Started process (PID=11367) to work on /workspaces/hands-on-introduction-data-engineering-4395021/airflow/dags/extract_dag.py
[2025-02-06T18:23:04.552+0000] {processor.py:826} INFO - Processing file /workspaces/hands-on-introduction-data-engineering-4395021/airflow/dags/extract_dag.py for tasks to queue
[2025-02-06T18:23:04.553+0000] {logging_mixin.py:150} INFO - [2025-02-06T18:23:04.553+0000] {dagbag.py:541} INFO - Filling up the DagBag from /workspaces/hands-on-introduction-data-engineering-4395021/airflow/dags/extract_dag.py
[2025-02-06T18:23:04.555+0000] {logging_mixin.py:150} INFO - [2025-02-06T18:23:04.554+0000] {dagbag.py:350} ERROR - Failed to import: /workspaces/hands-on-introduction-data-engineering-4395021/airflow/dags/extract_dag.py
Traceback (most recent call last):
  File "/home/vscode/.local/lib/python3.10/site-packages/airflow/models/dagbag.py", line 346, in parse
    loader.exec_module(new_module)
  File "<frozen importlib._bootstrap_external>", line 879, in exec_module
  File "<frozen importlib._bootstrap_external>", line 1017, in get_code
  File "<frozen importlib._bootstrap_external>", line 947, in source_to_code
  File "<frozen importlib._bootstrap>", line 241, in _call_with_frames_removed
  File "/workspaces/hands-on-introduction-data-engineering-4395021/airflow/dags/extract_dag.py", line 13
    bash_command='wget -c https://raw.githubusercontent.com/LinkedInLearning/hands-on-introduction-data-engineering-4395021/main/data/top-level-domain-names.csv -O /
                 ^
SyntaxError: unterminated string literal (detected at line 13)
[2025-02-06T18:23:04.555+0000] {processor.py:838} WARNING - No viable dags retrieved from /workspaces/hands-on-introduction-data-engineering-4395021/airflow/dags/extract_dag.py
[2025-02-06T18:23:04.567+0000] {processor.py:179} INFO - Processing /workspaces/hands-on-introduction-data-engineering-4395021/airflow/dags/extract_dag.py took 0.017 seconds
[2025-02-06T18:23:32.284+0000] {processor.py:157} INFO - Started process (PID=11552) to work on /workspaces/hands-on-introduction-data-engineering-4395021/airflow/dags/extract_dag.py
[2025-02-06T18:23:32.284+0000] {processor.py:826} INFO - Processing file /workspaces/hands-on-introduction-data-engineering-4395021/airflow/dags/extract_dag.py for tasks to queue
[2025-02-06T18:23:32.285+0000] {logging_mixin.py:150} INFO - [2025-02-06T18:23:32.285+0000] {dagbag.py:541} INFO - Filling up the DagBag from /workspaces/hands-on-introduction-data-engineering-4395021/airflow/dags/extract_dag.py
[2025-02-06T18:23:32.287+0000] {logging_mixin.py:150} INFO - [2025-02-06T18:23:32.286+0000] {dagbag.py:350} ERROR - Failed to import: /workspaces/hands-on-introduction-data-engineering-4395021/airflow/dags/extract_dag.py
Traceback (most recent call last):
  File "/home/vscode/.local/lib/python3.10/site-packages/airflow/models/dagbag.py", line 346, in parse
    loader.exec_module(new_module)
  File "<frozen importlib._bootstrap_external>", line 879, in exec_module
  File "<frozen importlib._bootstrap_external>", line 1017, in get_code
  File "<frozen importlib._bootstrap_external>", line 947, in source_to_code
  File "<frozen importlib._bootstrap>", line 241, in _call_with_frames_removed
  File "/workspaces/hands-on-introduction-data-engineering-4395021/airflow/dags/extract_dag.py", line 13
    bash_command='wget -c https://raw.githubusercontent.com/LinkedInLearning/hands-on-introduction-data-engineering-4395021/main/data/top-level-domain-names.csv -O /
                 ^
SyntaxError: unterminated string literal (detected at line 13)
[2025-02-06T18:23:32.287+0000] {processor.py:838} WARNING - No viable dags retrieved from /workspaces/hands-on-introduction-data-engineering-4395021/airflow/dags/extract_dag.py
[2025-02-06T18:23:32.299+0000] {processor.py:179} INFO - Processing /workspaces/hands-on-introduction-data-engineering-4395021/airflow/dags/extract_dag.py took 0.017 seconds
[2025-02-06T18:23:33.710+0000] {processor.py:157} INFO - Started process (PID=11561) to work on /workspaces/hands-on-introduction-data-engineering-4395021/airflow/dags/extract_dag.py
[2025-02-06T18:23:33.710+0000] {processor.py:826} INFO - Processing file /workspaces/hands-on-introduction-data-engineering-4395021/airflow/dags/extract_dag.py for tasks to queue
[2025-02-06T18:23:33.711+0000] {logging_mixin.py:150} INFO - [2025-02-06T18:23:33.710+0000] {dagbag.py:541} INFO - Filling up the DagBag from /workspaces/hands-on-introduction-data-engineering-4395021/airflow/dags/extract_dag.py
[2025-02-06T18:23:33.713+0000] {logging_mixin.py:150} INFO - [2025-02-06T18:23:33.712+0000] {dagbag.py:350} ERROR - Failed to import: /workspaces/hands-on-introduction-data-engineering-4395021/airflow/dags/extract_dag.py
Traceback (most recent call last):
  File "/home/vscode/.local/lib/python3.10/site-packages/airflow/models/dagbag.py", line 346, in parse
    loader.exec_module(new_module)
  File "<frozen importlib._bootstrap_external>", line 879, in exec_module
  File "<frozen importlib._bootstrap_external>", line 1017, in get_code
  File "<frozen importlib._bootstrap_external>", line 947, in source_to_code
  File "<frozen importlib._bootstrap>", line 241, in _call_with_frames_removed
  File "/workspaces/hands-on-introduction-data-engineering-4395021/airflow/dags/extract_dag.py", line 13
    bash_command='wget -c https://raw.githubusercontent.com/LinkedInLearning/hands-on-introduction-data-engineering-4395021/main/data/top-level-domain-names.csv -O /
                 ^
SyntaxError: unterminated string literal (detected at line 13)
[2025-02-06T18:23:33.713+0000] {processor.py:838} WARNING - No viable dags retrieved from /workspaces/hands-on-introduction-data-engineering-4395021/airflow/dags/extract_dag.py
[2025-02-06T18:23:33.724+0000] {processor.py:179} INFO - Processing /workspaces/hands-on-introduction-data-engineering-4395021/airflow/dags/extract_dag.py took 0.017 seconds
[2025-02-06T18:23:44.827+0000] {processor.py:157} INFO - Started process (PID=11658) to work on /workspaces/hands-on-introduction-data-engineering-4395021/airflow/dags/extract_dag.py
[2025-02-06T18:23:44.828+0000] {processor.py:826} INFO - Processing file /workspaces/hands-on-introduction-data-engineering-4395021/airflow/dags/extract_dag.py for tasks to queue
[2025-02-06T18:23:44.828+0000] {logging_mixin.py:150} INFO - [2025-02-06T18:23:44.828+0000] {dagbag.py:541} INFO - Filling up the DagBag from /workspaces/hands-on-introduction-data-engineering-4395021/airflow/dags/extract_dag.py
[2025-02-06T18:23:44.831+0000] {logging_mixin.py:150} INFO - [2025-02-06T18:23:44.830+0000] {dagbag.py:350} ERROR - Failed to import: /workspaces/hands-on-introduction-data-engineering-4395021/airflow/dags/extract_dag.py
Traceback (most recent call last):
  File "/home/vscode/.local/lib/python3.10/site-packages/airflow/models/dagbag.py", line 346, in parse
    loader.exec_module(new_module)
  File "<frozen importlib._bootstrap_external>", line 879, in exec_module
  File "<frozen importlib._bootstrap_external>", line 1017, in get_code
  File "<frozen importlib._bootstrap_external>", line 947, in source_to_code
  File "<frozen importlib._bootstrap>", line 241, in _call_with_frames_removed
  File "/workspaces/hands-on-introduction-data-engineering-4395021/airflow/dags/extract_dag.py", line 13
    bash_command='wget -c https://raw.githubusercontent.com/LinkedInLearning/hands-on-introduction-data-engineering-4395021/main/data/top-level-domain-names.csv -O /
                 ^
SyntaxError: unterminated string literal (detected at line 13)
[2025-02-06T18:23:44.831+0000] {processor.py:838} WARNING - No viable dags retrieved from /workspaces/hands-on-introduction-data-engineering-4395021/airflow/dags/extract_dag.py
[2025-02-06T18:23:44.843+0000] {processor.py:179} INFO - Processing /workspaces/hands-on-introduction-data-engineering-4395021/airflow/dags/extract_dag.py took 0.017 seconds
[2025-02-06T18:23:45.960+0000] {processor.py:157} INFO - Started process (PID=11677) to work on /workspaces/hands-on-introduction-data-engineering-4395021/airflow/dags/extract_dag.py
[2025-02-06T18:23:45.961+0000] {processor.py:826} INFO - Processing file /workspaces/hands-on-introduction-data-engineering-4395021/airflow/dags/extract_dag.py for tasks to queue
[2025-02-06T18:23:45.962+0000] {logging_mixin.py:150} INFO - [2025-02-06T18:23:45.961+0000] {dagbag.py:541} INFO - Filling up the DagBag from /workspaces/hands-on-introduction-data-engineering-4395021/airflow/dags/extract_dag.py
[2025-02-06T18:23:45.964+0000] {logging_mixin.py:150} INFO - [2025-02-06T18:23:45.964+0000] {dagbag.py:350} ERROR - Failed to import: /workspaces/hands-on-introduction-data-engineering-4395021/airflow/dags/extract_dag.py
Traceback (most recent call last):
  File "/home/vscode/.local/lib/python3.10/site-packages/airflow/models/dagbag.py", line 346, in parse
    loader.exec_module(new_module)
  File "<frozen importlib._bootstrap_external>", line 879, in exec_module
  File "<frozen importlib._bootstrap_external>", line 1017, in get_code
  File "<frozen importlib._bootstrap_external>", line 947, in source_to_code
  File "<frozen importlib._bootstrap>", line 241, in _call_with_frames_removed
  File "/workspaces/hands-on-introduction-data-engineering-4395021/airflow/dags/extract_dag.py", line 13
    bash_command='wget -c https://raw.githubusercontent.com/LinkedInLearning/hands-on-introduction-data-engineering-4395021/main/data/top-level-domain-names.csv -O /
                 ^
SyntaxError: unterminated string literal (detected at line 13)
[2025-02-06T18:23:45.965+0000] {processor.py:838} WARNING - No viable dags retrieved from /workspaces/hands-on-introduction-data-engineering-4395021/airflow/dags/extract_dag.py
[2025-02-06T18:23:45.977+0000] {processor.py:179} INFO - Processing /workspaces/hands-on-introduction-data-engineering-4395021/airflow/dags/extract_dag.py took 0.020 seconds
[2025-02-06T18:23:48.822+0000] {processor.py:157} INFO - Started process (PID=11692) to work on /workspaces/hands-on-introduction-data-engineering-4395021/airflow/dags/extract_dag.py
[2025-02-06T18:23:48.823+0000] {processor.py:826} INFO - Processing file /workspaces/hands-on-introduction-data-engineering-4395021/airflow/dags/extract_dag.py for tasks to queue
[2025-02-06T18:23:48.823+0000] {logging_mixin.py:150} INFO - [2025-02-06T18:23:48.823+0000] {dagbag.py:541} INFO - Filling up the DagBag from /workspaces/hands-on-introduction-data-engineering-4395021/airflow/dags/extract_dag.py
[2025-02-06T18:23:48.825+0000] {logging_mixin.py:150} INFO - [2025-02-06T18:23:48.825+0000] {dagbag.py:350} ERROR - Failed to import: /workspaces/hands-on-introduction-data-engineering-4395021/airflow/dags/extract_dag.py
Traceback (most recent call last):
  File "/home/vscode/.local/lib/python3.10/site-packages/airflow/models/dagbag.py", line 346, in parse
    loader.exec_module(new_module)
  File "<frozen importlib._bootstrap_external>", line 879, in exec_module
  File "<frozen importlib._bootstrap_external>", line 1017, in get_code
  File "<frozen importlib._bootstrap_external>", line 947, in source_to_code
  File "<frozen importlib._bootstrap>", line 241, in _call_with_frames_removed
  File "/workspaces/hands-on-introduction-data-engineering-4395021/airflow/dags/extract_dag.py", line 13
    bash_command='wget -c https://raw.githubusercontent.com/LinkedInLearning/hands-on-introduction-data-engineering-4395021/main/data/top-level-domain-names.csv -O /
                 ^
SyntaxError: unterminated string literal (detected at line 13)
[2025-02-06T18:23:48.826+0000] {processor.py:838} WARNING - No viable dags retrieved from /workspaces/hands-on-introduction-data-engineering-4395021/airflow/dags/extract_dag.py
[2025-02-06T18:23:48.837+0000] {processor.py:179} INFO - Processing /workspaces/hands-on-introduction-data-engineering-4395021/airflow/dags/extract_dag.py took 0.017 seconds
[2025-02-06T18:23:57.305+0000] {processor.py:157} INFO - Started process (PID=11753) to work on /workspaces/hands-on-introduction-data-engineering-4395021/airflow/dags/extract_dag.py
[2025-02-06T18:23:57.305+0000] {processor.py:826} INFO - Processing file /workspaces/hands-on-introduction-data-engineering-4395021/airflow/dags/extract_dag.py for tasks to queue
[2025-02-06T18:23:57.306+0000] {logging_mixin.py:150} INFO - [2025-02-06T18:23:57.306+0000] {dagbag.py:541} INFO - Filling up the DagBag from /workspaces/hands-on-introduction-data-engineering-4395021/airflow/dags/extract_dag.py
[2025-02-06T18:23:57.308+0000] {logging_mixin.py:150} INFO - [2025-02-06T18:23:57.307+0000] {dagbag.py:350} ERROR - Failed to import: /workspaces/hands-on-introduction-data-engineering-4395021/airflow/dags/extract_dag.py
Traceback (most recent call last):
  File "/home/vscode/.local/lib/python3.10/site-packages/airflow/models/dagbag.py", line 346, in parse
    loader.exec_module(new_module)
  File "<frozen importlib._bootstrap_external>", line 879, in exec_module
  File "<frozen importlib._bootstrap_external>", line 1017, in get_code
  File "<frozen importlib._bootstrap_external>", line 947, in source_to_code
  File "<frozen importlib._bootstrap>", line 241, in _call_with_frames_removed
  File "/workspaces/hands-on-introduction-data-engineering-4395021/airflow/dags/extract_dag.py", line 13
    bash_command='wget -c https://raw.githubusercontent.com/LinkedInLearning/hands-on-introduction-data-engineering-4395021/main/data/top-level-domain-names.csv -O 
                 ^
SyntaxError: unterminated string literal (detected at line 13)
[2025-02-06T18:23:57.308+0000] {processor.py:838} WARNING - No viable dags retrieved from /workspaces/hands-on-introduction-data-engineering-4395021/airflow/dags/extract_dag.py
[2025-02-06T18:23:57.320+0000] {processor.py:179} INFO - Processing /workspaces/hands-on-introduction-data-engineering-4395021/airflow/dags/extract_dag.py took 0.017 seconds
[2025-02-06T18:23:58.897+0000] {processor.py:157} INFO - Started process (PID=11762) to work on /workspaces/hands-on-introduction-data-engineering-4395021/airflow/dags/extract_dag.py
[2025-02-06T18:23:58.898+0000] {processor.py:826} INFO - Processing file /workspaces/hands-on-introduction-data-engineering-4395021/airflow/dags/extract_dag.py for tasks to queue
[2025-02-06T18:23:58.899+0000] {logging_mixin.py:150} INFO - [2025-02-06T18:23:58.898+0000] {dagbag.py:541} INFO - Filling up the DagBag from /workspaces/hands-on-introduction-data-engineering-4395021/airflow/dags/extract_dag.py
[2025-02-06T18:23:58.906+0000] {processor.py:836} INFO - DAG(s) dict_keys(['extract_dag']) retrieved from /workspaces/hands-on-introduction-data-engineering-4395021/airflow/dags/extract_dag.py
[2025-02-06T18:23:58.973+0000] {logging_mixin.py:150} INFO - [2025-02-06T18:23:58.973+0000] {dag.py:2742} INFO - Sync 1 DAGs
[2025-02-06T18:23:58.984+0000] {logging_mixin.py:150} INFO - [2025-02-06T18:23:58.983+0000] {dag.py:3504} INFO - Setting next_dagrun for extract_dag to None, run_after=None
[2025-02-06T18:23:58.998+0000] {processor.py:179} INFO - Processing /workspaces/hands-on-introduction-data-engineering-4395021/airflow/dags/extract_dag.py took 0.104 seconds
[2025-02-06T18:24:04.963+0000] {processor.py:157} INFO - Started process (PID=11797) to work on /workspaces/hands-on-introduction-data-engineering-4395021/airflow/dags/extract_dag.py
[2025-02-06T18:24:04.964+0000] {processor.py:826} INFO - Processing file /workspaces/hands-on-introduction-data-engineering-4395021/airflow/dags/extract_dag.py for tasks to queue
[2025-02-06T18:24:04.964+0000] {logging_mixin.py:150} INFO - [2025-02-06T18:24:04.964+0000] {dagbag.py:541} INFO - Filling up the DagBag from /workspaces/hands-on-introduction-data-engineering-4395021/airflow/dags/extract_dag.py
[2025-02-06T18:24:04.971+0000] {processor.py:836} INFO - DAG(s) dict_keys(['extract_dag']) retrieved from /workspaces/hands-on-introduction-data-engineering-4395021/airflow/dags/extract_dag.py
[2025-02-06T18:24:04.977+0000] {logging_mixin.py:150} INFO - [2025-02-06T18:24:04.977+0000] {dag.py:2742} INFO - Sync 1 DAGs
[2025-02-06T18:24:04.990+0000] {logging_mixin.py:150} INFO - [2025-02-06T18:24:04.989+0000] {dag.py:3504} INFO - Setting next_dagrun for extract_dag to None, run_after=None
[2025-02-06T18:24:05.003+0000] {processor.py:179} INFO - Processing /workspaces/hands-on-introduction-data-engineering-4395021/airflow/dags/extract_dag.py took 0.042 seconds
[2025-02-06T18:24:10.347+0000] {processor.py:157} INFO - Started process (PID=11837) to work on /workspaces/hands-on-introduction-data-engineering-4395021/airflow/dags/extract_dag.py
[2025-02-06T18:24:10.348+0000] {processor.py:826} INFO - Processing file /workspaces/hands-on-introduction-data-engineering-4395021/airflow/dags/extract_dag.py for tasks to queue
[2025-02-06T18:24:10.349+0000] {logging_mixin.py:150} INFO - [2025-02-06T18:24:10.348+0000] {dagbag.py:541} INFO - Filling up the DagBag from /workspaces/hands-on-introduction-data-engineering-4395021/airflow/dags/extract_dag.py
[2025-02-06T18:24:10.356+0000] {processor.py:836} INFO - DAG(s) dict_keys(['extract_dag']) retrieved from /workspaces/hands-on-introduction-data-engineering-4395021/airflow/dags/extract_dag.py
[2025-02-06T18:24:10.361+0000] {logging_mixin.py:150} INFO - [2025-02-06T18:24:10.361+0000] {dag.py:2742} INFO - Sync 1 DAGs
[2025-02-06T18:24:10.374+0000] {logging_mixin.py:150} INFO - [2025-02-06T18:24:10.374+0000] {dag.py:3504} INFO - Setting next_dagrun for extract_dag to None, run_after=None
[2025-02-06T18:24:10.387+0000] {processor.py:179} INFO - Processing /workspaces/hands-on-introduction-data-engineering-4395021/airflow/dags/extract_dag.py took 0.042 seconds
[2025-02-06T18:24:13.993+0000] {processor.py:157} INFO - Started process (PID=11864) to work on /workspaces/hands-on-introduction-data-engineering-4395021/airflow/dags/extract_dag.py
[2025-02-06T18:24:13.994+0000] {processor.py:826} INFO - Processing file /workspaces/hands-on-introduction-data-engineering-4395021/airflow/dags/extract_dag.py for tasks to queue
[2025-02-06T18:24:13.995+0000] {logging_mixin.py:150} INFO - [2025-02-06T18:24:13.994+0000] {dagbag.py:541} INFO - Filling up the DagBag from /workspaces/hands-on-introduction-data-engineering-4395021/airflow/dags/extract_dag.py
[2025-02-06T18:24:14.001+0000] {processor.py:836} INFO - DAG(s) dict_keys(['extract_dag']) retrieved from /workspaces/hands-on-introduction-data-engineering-4395021/airflow/dags/extract_dag.py
[2025-02-06T18:24:14.020+0000] {logging_mixin.py:150} INFO - [2025-02-06T18:24:14.020+0000] {dag.py:2742} INFO - Sync 1 DAGs
[2025-02-06T18:24:14.045+0000] {logging_mixin.py:150} INFO - [2025-02-06T18:24:14.045+0000] {dag.py:3504} INFO - Setting next_dagrun for extract_dag to None, run_after=None
[2025-02-06T18:24:14.066+0000] {processor.py:179} INFO - Processing /workspaces/hands-on-introduction-data-engineering-4395021/airflow/dags/extract_dag.py took 0.074 seconds
[2025-02-06T18:24:15.171+0000] {processor.py:157} INFO - Started process (PID=11866) to work on /workspaces/hands-on-introduction-data-engineering-4395021/airflow/dags/extract_dag.py
[2025-02-06T18:24:15.172+0000] {processor.py:826} INFO - Processing file /workspaces/hands-on-introduction-data-engineering-4395021/airflow/dags/extract_dag.py for tasks to queue
[2025-02-06T18:24:15.172+0000] {logging_mixin.py:150} INFO - [2025-02-06T18:24:15.172+0000] {dagbag.py:541} INFO - Filling up the DagBag from /workspaces/hands-on-introduction-data-engineering-4395021/airflow/dags/extract_dag.py
[2025-02-06T18:24:15.180+0000] {processor.py:836} INFO - DAG(s) dict_keys(['extract_dag']) retrieved from /workspaces/hands-on-introduction-data-engineering-4395021/airflow/dags/extract_dag.py
[2025-02-06T18:24:15.186+0000] {logging_mixin.py:150} INFO - [2025-02-06T18:24:15.186+0000] {dag.py:2742} INFO - Sync 1 DAGs
[2025-02-06T18:24:15.199+0000] {logging_mixin.py:150} INFO - [2025-02-06T18:24:15.198+0000] {dag.py:3504} INFO - Setting next_dagrun for extract_dag to None, run_after=None
[2025-02-06T18:24:15.212+0000] {processor.py:179} INFO - Processing /workspaces/hands-on-introduction-data-engineering-4395021/airflow/dags/extract_dag.py took 0.043 seconds
[2025-02-06T18:24:26.343+0000] {processor.py:157} INFO - Started process (PID=11942) to work on /workspaces/hands-on-introduction-data-engineering-4395021/airflow/dags/extract_dag.py
[2025-02-06T18:24:26.344+0000] {processor.py:826} INFO - Processing file /workspaces/hands-on-introduction-data-engineering-4395021/airflow/dags/extract_dag.py for tasks to queue
[2025-02-06T18:24:26.344+0000] {logging_mixin.py:150} INFO - [2025-02-06T18:24:26.344+0000] {dagbag.py:541} INFO - Filling up the DagBag from /workspaces/hands-on-introduction-data-engineering-4395021/airflow/dags/extract_dag.py
[2025-02-06T18:24:26.351+0000] {processor.py:836} INFO - DAG(s) dict_keys(['extract_dag']) retrieved from /workspaces/hands-on-introduction-data-engineering-4395021/airflow/dags/extract_dag.py
[2025-02-06T18:24:26.357+0000] {logging_mixin.py:150} INFO - [2025-02-06T18:24:26.357+0000] {dag.py:2742} INFO - Sync 1 DAGs
[2025-02-06T18:24:26.369+0000] {logging_mixin.py:150} INFO - [2025-02-06T18:24:26.369+0000] {dag.py:3504} INFO - Setting next_dagrun for extract_dag to None, run_after=None
[2025-02-06T18:24:26.383+0000] {processor.py:179} INFO - Processing /workspaces/hands-on-introduction-data-engineering-4395021/airflow/dags/extract_dag.py took 0.042 seconds
[2025-02-06T18:24:37.876+0000] {processor.py:157} INFO - Started process (PID=12020) to work on /workspaces/hands-on-introduction-data-engineering-4395021/airflow/dags/extract_dag.py
[2025-02-06T18:24:37.877+0000] {processor.py:826} INFO - Processing file /workspaces/hands-on-introduction-data-engineering-4395021/airflow/dags/extract_dag.py for tasks to queue
[2025-02-06T18:24:37.878+0000] {logging_mixin.py:150} INFO - [2025-02-06T18:24:37.877+0000] {dagbag.py:541} INFO - Filling up the DagBag from /workspaces/hands-on-introduction-data-engineering-4395021/airflow/dags/extract_dag.py
[2025-02-06T18:24:37.885+0000] {processor.py:836} INFO - DAG(s) dict_keys(['extract_dag']) retrieved from /workspaces/hands-on-introduction-data-engineering-4395021/airflow/dags/extract_dag.py
[2025-02-06T18:24:37.950+0000] {logging_mixin.py:150} INFO - [2025-02-06T18:24:37.950+0000] {dag.py:2742} INFO - Sync 1 DAGs
[2025-02-06T18:24:37.963+0000] {logging_mixin.py:150} INFO - [2025-02-06T18:24:37.963+0000] {dag.py:3504} INFO - Setting next_dagrun for extract_dag to None, run_after=None
[2025-02-06T18:24:37.977+0000] {processor.py:179} INFO - Processing /workspaces/hands-on-introduction-data-engineering-4395021/airflow/dags/extract_dag.py took 0.102 seconds
[2025-02-06T18:24:42.523+0000] {processor.py:157} INFO - Started process (PID=12053) to work on /workspaces/hands-on-introduction-data-engineering-4395021/airflow/dags/extract_dag.py
[2025-02-06T18:24:42.523+0000] {processor.py:826} INFO - Processing file /workspaces/hands-on-introduction-data-engineering-4395021/airflow/dags/extract_dag.py for tasks to queue
[2025-02-06T18:24:42.524+0000] {logging_mixin.py:150} INFO - [2025-02-06T18:24:42.524+0000] {dagbag.py:541} INFO - Filling up the DagBag from /workspaces/hands-on-introduction-data-engineering-4395021/airflow/dags/extract_dag.py
[2025-02-06T18:24:42.534+0000] {processor.py:836} INFO - DAG(s) dict_keys(['extract_dag']) retrieved from /workspaces/hands-on-introduction-data-engineering-4395021/airflow/dags/extract_dag.py
[2025-02-06T18:24:42.541+0000] {logging_mixin.py:150} INFO - [2025-02-06T18:24:42.541+0000] {dag.py:2742} INFO - Sync 1 DAGs
[2025-02-06T18:24:42.560+0000] {logging_mixin.py:150} INFO - [2025-02-06T18:24:42.560+0000] {dag.py:3504} INFO - Setting next_dagrun for extract_dag to None, run_after=None
[2025-02-06T18:24:42.574+0000] {processor.py:179} INFO - Processing /workspaces/hands-on-introduction-data-engineering-4395021/airflow/dags/extract_dag.py took 0.054 seconds
[2025-02-06T18:24:52.530+0000] {processor.py:157} INFO - Started process (PID=12120) to work on /workspaces/hands-on-introduction-data-engineering-4395021/airflow/dags/extract_dag.py
[2025-02-06T18:24:52.530+0000] {processor.py:826} INFO - Processing file /workspaces/hands-on-introduction-data-engineering-4395021/airflow/dags/extract_dag.py for tasks to queue
[2025-02-06T18:24:52.531+0000] {logging_mixin.py:150} INFO - [2025-02-06T18:24:52.531+0000] {dagbag.py:541} INFO - Filling up the DagBag from /workspaces/hands-on-introduction-data-engineering-4395021/airflow/dags/extract_dag.py
[2025-02-06T18:24:52.538+0000] {processor.py:836} INFO - DAG(s) dict_keys(['extract_dag']) retrieved from /workspaces/hands-on-introduction-data-engineering-4395021/airflow/dags/extract_dag.py
[2025-02-06T18:24:52.543+0000] {logging_mixin.py:150} INFO - [2025-02-06T18:24:52.543+0000] {dag.py:2742} INFO - Sync 1 DAGs
[2025-02-06T18:24:52.556+0000] {logging_mixin.py:150} INFO - [2025-02-06T18:24:52.556+0000] {dag.py:3504} INFO - Setting next_dagrun for extract_dag to None, run_after=None
[2025-02-06T18:24:52.569+0000] {processor.py:179} INFO - Processing /workspaces/hands-on-introduction-data-engineering-4395021/airflow/dags/extract_dag.py took 0.042 seconds
[2025-02-06T18:24:54.360+0000] {processor.py:157} INFO - Started process (PID=12123) to work on /workspaces/hands-on-introduction-data-engineering-4395021/airflow/dags/extract_dag.py
[2025-02-06T18:24:54.360+0000] {processor.py:826} INFO - Processing file /workspaces/hands-on-introduction-data-engineering-4395021/airflow/dags/extract_dag.py for tasks to queue
[2025-02-06T18:24:54.361+0000] {logging_mixin.py:150} INFO - [2025-02-06T18:24:54.361+0000] {dagbag.py:541} INFO - Filling up the DagBag from /workspaces/hands-on-introduction-data-engineering-4395021/airflow/dags/extract_dag.py
[2025-02-06T18:24:54.370+0000] {processor.py:836} INFO - DAG(s) dict_keys(['extract_dag']) retrieved from /workspaces/hands-on-introduction-data-engineering-4395021/airflow/dags/extract_dag.py
[2025-02-06T18:24:54.375+0000] {logging_mixin.py:150} INFO - [2025-02-06T18:24:54.375+0000] {dag.py:2742} INFO - Sync 1 DAGs
[2025-02-06T18:24:54.388+0000] {logging_mixin.py:150} INFO - [2025-02-06T18:24:54.388+0000] {dag.py:3504} INFO - Setting next_dagrun for extract_dag to None, run_after=None
[2025-02-06T18:24:54.402+0000] {processor.py:179} INFO - Processing /workspaces/hands-on-introduction-data-engineering-4395021/airflow/dags/extract_dag.py took 0.045 seconds
[2025-02-06T18:25:24.511+0000] {processor.py:157} INFO - Started process (PID=12443) to work on /workspaces/hands-on-introduction-data-engineering-4395021/airflow/dags/extract_dag.py
[2025-02-06T18:25:24.511+0000] {processor.py:826} INFO - Processing file /workspaces/hands-on-introduction-data-engineering-4395021/airflow/dags/extract_dag.py for tasks to queue
[2025-02-06T18:25:24.512+0000] {logging_mixin.py:150} INFO - [2025-02-06T18:25:24.512+0000] {dagbag.py:541} INFO - Filling up the DagBag from /workspaces/hands-on-introduction-data-engineering-4395021/airflow/dags/extract_dag.py
[2025-02-06T18:25:24.520+0000] {processor.py:836} INFO - DAG(s) dict_keys(['extract_dag']) retrieved from /workspaces/hands-on-introduction-data-engineering-4395021/airflow/dags/extract_dag.py
[2025-02-06T18:25:24.586+0000] {logging_mixin.py:150} INFO - [2025-02-06T18:25:24.586+0000] {dag.py:2742} INFO - Sync 1 DAGs
[2025-02-06T18:25:24.597+0000] {logging_mixin.py:150} INFO - [2025-02-06T18:25:24.597+0000] {dag.py:3504} INFO - Setting next_dagrun for extract_dag to None, run_after=None
[2025-02-06T18:25:24.609+0000] {processor.py:179} INFO - Processing /workspaces/hands-on-introduction-data-engineering-4395021/airflow/dags/extract_dag.py took 0.102 seconds
[2025-02-06T18:25:55.721+0000] {processor.py:157} INFO - Started process (PID=12821) to work on /workspaces/hands-on-introduction-data-engineering-4395021/airflow/dags/extract_dag.py
[2025-02-06T18:25:55.722+0000] {processor.py:826} INFO - Processing file /workspaces/hands-on-introduction-data-engineering-4395021/airflow/dags/extract_dag.py for tasks to queue
[2025-02-06T18:25:55.723+0000] {logging_mixin.py:150} INFO - [2025-02-06T18:25:55.723+0000] {dagbag.py:541} INFO - Filling up the DagBag from /workspaces/hands-on-introduction-data-engineering-4395021/airflow/dags/extract_dag.py
[2025-02-06T18:25:55.732+0000] {processor.py:836} INFO - DAG(s) dict_keys(['extract_dag']) retrieved from /workspaces/hands-on-introduction-data-engineering-4395021/airflow/dags/extract_dag.py
[2025-02-06T18:25:55.753+0000] {logging_mixin.py:150} INFO - [2025-02-06T18:25:55.752+0000] {dag.py:2742} INFO - Sync 1 DAGs
[2025-02-06T18:25:55.771+0000] {logging_mixin.py:150} INFO - [2025-02-06T18:25:55.771+0000] {dag.py:3504} INFO - Setting next_dagrun for extract_dag to None, run_after=None
[2025-02-06T18:25:55.791+0000] {processor.py:179} INFO - Processing /workspaces/hands-on-introduction-data-engineering-4395021/airflow/dags/extract_dag.py took 0.072 seconds
[2025-02-06T18:26:25.914+0000] {processor.py:157} INFO - Started process (PID=13096) to work on /workspaces/hands-on-introduction-data-engineering-4395021/airflow/dags/extract_dag.py
[2025-02-06T18:26:25.914+0000] {processor.py:826} INFO - Processing file /workspaces/hands-on-introduction-data-engineering-4395021/airflow/dags/extract_dag.py for tasks to queue
[2025-02-06T18:26:25.915+0000] {logging_mixin.py:150} INFO - [2025-02-06T18:26:25.915+0000] {dagbag.py:541} INFO - Filling up the DagBag from /workspaces/hands-on-introduction-data-engineering-4395021/airflow/dags/extract_dag.py
[2025-02-06T18:26:25.922+0000] {processor.py:836} INFO - DAG(s) dict_keys(['extract_dag']) retrieved from /workspaces/hands-on-introduction-data-engineering-4395021/airflow/dags/extract_dag.py
[2025-02-06T18:26:25.936+0000] {logging_mixin.py:150} INFO - [2025-02-06T18:26:25.936+0000] {dag.py:2742} INFO - Sync 1 DAGs
[2025-02-06T18:26:25.948+0000] {logging_mixin.py:150} INFO - [2025-02-06T18:26:25.948+0000] {dag.py:3504} INFO - Setting next_dagrun for extract_dag to None, run_after=None
[2025-02-06T18:26:25.960+0000] {processor.py:179} INFO - Processing /workspaces/hands-on-introduction-data-engineering-4395021/airflow/dags/extract_dag.py took 0.049 seconds
[2025-02-06T18:26:56.118+0000] {processor.py:157} INFO - Started process (PID=13292) to work on /workspaces/hands-on-introduction-data-engineering-4395021/airflow/dags/extract_dag.py
[2025-02-06T18:26:56.119+0000] {processor.py:826} INFO - Processing file /workspaces/hands-on-introduction-data-engineering-4395021/airflow/dags/extract_dag.py for tasks to queue
[2025-02-06T18:26:56.119+0000] {logging_mixin.py:150} INFO - [2025-02-06T18:26:56.119+0000] {dagbag.py:541} INFO - Filling up the DagBag from /workspaces/hands-on-introduction-data-engineering-4395021/airflow/dags/extract_dag.py
[2025-02-06T18:26:56.131+0000] {processor.py:836} INFO - DAG(s) dict_keys(['extract_dag']) retrieved from /workspaces/hands-on-introduction-data-engineering-4395021/airflow/dags/extract_dag.py
[2025-02-06T18:26:56.151+0000] {logging_mixin.py:150} INFO - [2025-02-06T18:26:56.151+0000] {dag.py:2742} INFO - Sync 1 DAGs
[2025-02-06T18:26:56.170+0000] {logging_mixin.py:150} INFO - [2025-02-06T18:26:56.169+0000] {dag.py:3504} INFO - Setting next_dagrun for extract_dag to None, run_after=None
[2025-02-06T18:26:56.189+0000] {processor.py:179} INFO - Processing /workspaces/hands-on-introduction-data-engineering-4395021/airflow/dags/extract_dag.py took 0.073 seconds
[2025-02-06T18:27:26.297+0000] {processor.py:157} INFO - Started process (PID=13530) to work on /workspaces/hands-on-introduction-data-engineering-4395021/airflow/dags/extract_dag.py
[2025-02-06T18:27:26.298+0000] {processor.py:826} INFO - Processing file /workspaces/hands-on-introduction-data-engineering-4395021/airflow/dags/extract_dag.py for tasks to queue
[2025-02-06T18:27:26.299+0000] {logging_mixin.py:150} INFO - [2025-02-06T18:27:26.299+0000] {dagbag.py:541} INFO - Filling up the DagBag from /workspaces/hands-on-introduction-data-engineering-4395021/airflow/dags/extract_dag.py
[2025-02-06T18:27:26.306+0000] {processor.py:836} INFO - DAG(s) dict_keys(['extract_dag']) retrieved from /workspaces/hands-on-introduction-data-engineering-4395021/airflow/dags/extract_dag.py
[2025-02-06T18:27:26.320+0000] {logging_mixin.py:150} INFO - [2025-02-06T18:27:26.320+0000] {dag.py:2742} INFO - Sync 1 DAGs
[2025-02-06T18:27:26.333+0000] {logging_mixin.py:150} INFO - [2025-02-06T18:27:26.332+0000] {dag.py:3504} INFO - Setting next_dagrun for extract_dag to None, run_after=None
[2025-02-06T18:27:26.345+0000] {processor.py:179} INFO - Processing /workspaces/hands-on-introduction-data-engineering-4395021/airflow/dags/extract_dag.py took 0.050 seconds
[2025-02-06T18:27:44.189+0000] {processor.py:157} INFO - Started process (PID=13677) to work on /workspaces/hands-on-introduction-data-engineering-4395021/airflow/dags/extract_dag.py
[2025-02-06T18:27:44.189+0000] {processor.py:826} INFO - Processing file /workspaces/hands-on-introduction-data-engineering-4395021/airflow/dags/extract_dag.py for tasks to queue
[2025-02-06T18:27:44.190+0000] {logging_mixin.py:150} INFO - [2025-02-06T18:27:44.190+0000] {dagbag.py:541} INFO - Filling up the DagBag from /workspaces/hands-on-introduction-data-engineering-4395021/airflow/dags/extract_dag.py
[2025-02-06T18:27:44.197+0000] {processor.py:836} INFO - DAG(s) dict_keys(['extract_dag']) retrieved from /workspaces/hands-on-introduction-data-engineering-4395021/airflow/dags/extract_dag.py
[2025-02-06T18:27:44.264+0000] {logging_mixin.py:150} INFO - [2025-02-06T18:27:44.264+0000] {dag.py:2742} INFO - Sync 1 DAGs
[2025-02-06T18:27:44.275+0000] {logging_mixin.py:150} INFO - [2025-02-06T18:27:44.275+0000] {dag.py:3504} INFO - Setting next_dagrun for extract_dag to None, run_after=None
[2025-02-06T18:27:44.289+0000] {processor.py:179} INFO - Processing /workspaces/hands-on-introduction-data-engineering-4395021/airflow/dags/extract_dag.py took 0.102 seconds
[2025-02-06T18:27:47.513+0000] {processor.py:157} INFO - Started process (PID=13704) to work on /workspaces/hands-on-introduction-data-engineering-4395021/airflow/dags/extract_dag.py
[2025-02-06T18:27:47.514+0000] {processor.py:826} INFO - Processing file /workspaces/hands-on-introduction-data-engineering-4395021/airflow/dags/extract_dag.py for tasks to queue
[2025-02-06T18:27:47.515+0000] {logging_mixin.py:150} INFO - [2025-02-06T18:27:47.515+0000] {dagbag.py:541} INFO - Filling up the DagBag from /workspaces/hands-on-introduction-data-engineering-4395021/airflow/dags/extract_dag.py
[2025-02-06T18:27:47.526+0000] {processor.py:836} INFO - DAG(s) dict_keys(['extract_dag']) retrieved from /workspaces/hands-on-introduction-data-engineering-4395021/airflow/dags/extract_dag.py
[2025-02-06T18:27:47.531+0000] {logging_mixin.py:150} INFO - [2025-02-06T18:27:47.531+0000] {dag.py:2742} INFO - Sync 1 DAGs
[2025-02-06T18:27:47.544+0000] {logging_mixin.py:150} INFO - [2025-02-06T18:27:47.544+0000] {dag.py:3504} INFO - Setting next_dagrun for extract_dag to None, run_after=None
[2025-02-06T18:27:47.556+0000] {processor.py:179} INFO - Processing /workspaces/hands-on-introduction-data-engineering-4395021/airflow/dags/extract_dag.py took 0.046 seconds
[2025-02-06T18:27:58.615+0000] {processor.py:157} INFO - Started process (PID=13781) to work on /workspaces/hands-on-introduction-data-engineering-4395021/airflow/dags/extract_dag.py
[2025-02-06T18:27:58.616+0000] {processor.py:826} INFO - Processing file /workspaces/hands-on-introduction-data-engineering-4395021/airflow/dags/extract_dag.py for tasks to queue
[2025-02-06T18:27:58.616+0000] {logging_mixin.py:150} INFO - [2025-02-06T18:27:58.616+0000] {dagbag.py:541} INFO - Filling up the DagBag from /workspaces/hands-on-introduction-data-engineering-4395021/airflow/dags/extract_dag.py
[2025-02-06T18:27:58.618+0000] {logging_mixin.py:150} INFO - [2025-02-06T18:27:58.618+0000] {dagbag.py:350} ERROR - Failed to import: /workspaces/hands-on-introduction-data-engineering-4395021/airflow/dags/extract_dag.py
Traceback (most recent call last):
  File "/home/vscode/.local/lib/python3.10/site-packages/airflow/models/dagbag.py", line 346, in parse
    loader.exec_module(new_module)
  File "<frozen importlib._bootstrap_external>", line 879, in exec_module
  File "<frozen importlib._bootstrap_external>", line 1017, in get_code
  File "<frozen importlib._bootstrap_external>", line 947, in source_to_code
  File "<frozen importlib._bootstrap>", line 241, in _call_with_frames_removed
  File "/workspaces/hands-on-introduction-data-engineering-4395021/airflow/dags/extract_dag.py", line 13
    bash_command='wget -c https://raw.githubusercontent.com/LinkedInLearning/hands-on-introduction-data-engineering-4395021/main/data/top-level-domain-names.csv -O 
                 ^
SyntaxError: unterminated string literal (detected at line 13)
[2025-02-06T18:27:58.619+0000] {processor.py:838} WARNING - No viable dags retrieved from /workspaces/hands-on-introduction-data-engineering-4395021/airflow/dags/extract_dag.py
[2025-02-06T18:27:58.630+0000] {processor.py:179} INFO - Processing /workspaces/hands-on-introduction-data-engineering-4395021/airflow/dags/extract_dag.py took 0.016 seconds
[2025-02-06T18:28:03.198+0000] {processor.py:157} INFO - Started process (PID=13810) to work on /workspaces/hands-on-introduction-data-engineering-4395021/airflow/dags/extract_dag.py
[2025-02-06T18:28:03.198+0000] {processor.py:826} INFO - Processing file /workspaces/hands-on-introduction-data-engineering-4395021/airflow/dags/extract_dag.py for tasks to queue
[2025-02-06T18:28:03.199+0000] {logging_mixin.py:150} INFO - [2025-02-06T18:28:03.199+0000] {dagbag.py:541} INFO - Filling up the DagBag from /workspaces/hands-on-introduction-data-engineering-4395021/airflow/dags/extract_dag.py
[2025-02-06T18:28:03.206+0000] {processor.py:836} INFO - DAG(s) dict_keys(['extract_dag']) retrieved from /workspaces/hands-on-introduction-data-engineering-4395021/airflow/dags/extract_dag.py
[2025-02-06T18:28:03.211+0000] {logging_mixin.py:150} INFO - [2025-02-06T18:28:03.211+0000] {dag.py:2742} INFO - Sync 1 DAGs
[2025-02-06T18:28:03.226+0000] {logging_mixin.py:150} INFO - [2025-02-06T18:28:03.226+0000] {dag.py:3504} INFO - Setting next_dagrun for extract_dag to None, run_after=None
[2025-02-06T18:28:03.240+0000] {processor.py:179} INFO - Processing /workspaces/hands-on-introduction-data-engineering-4395021/airflow/dags/extract_dag.py took 0.045 seconds
[2025-02-06T18:28:06.610+0000] {processor.py:157} INFO - Started process (PID=13837) to work on /workspaces/hands-on-introduction-data-engineering-4395021/airflow/dags/extract_dag.py
[2025-02-06T18:28:06.611+0000] {processor.py:826} INFO - Processing file /workspaces/hands-on-introduction-data-engineering-4395021/airflow/dags/extract_dag.py for tasks to queue
[2025-02-06T18:28:06.612+0000] {logging_mixin.py:150} INFO - [2025-02-06T18:28:06.611+0000] {dagbag.py:541} INFO - Filling up the DagBag from /workspaces/hands-on-introduction-data-engineering-4395021/airflow/dags/extract_dag.py
[2025-02-06T18:28:06.619+0000] {processor.py:836} INFO - DAG(s) dict_keys(['extract_dag']) retrieved from /workspaces/hands-on-introduction-data-engineering-4395021/airflow/dags/extract_dag.py
[2025-02-06T18:28:06.624+0000] {logging_mixin.py:150} INFO - [2025-02-06T18:28:06.624+0000] {dag.py:2742} INFO - Sync 1 DAGs
[2025-02-06T18:28:06.637+0000] {logging_mixin.py:150} INFO - [2025-02-06T18:28:06.636+0000] {dag.py:3504} INFO - Setting next_dagrun for extract_dag to None, run_after=None
[2025-02-06T18:28:06.650+0000] {processor.py:179} INFO - Processing /workspaces/hands-on-introduction-data-engineering-4395021/airflow/dags/extract_dag.py took 0.041 seconds
[2025-02-06T18:28:07.752+0000] {processor.py:157} INFO - Started process (PID=13845) to work on /workspaces/hands-on-introduction-data-engineering-4395021/airflow/dags/extract_dag.py
[2025-02-06T18:28:07.752+0000] {processor.py:826} INFO - Processing file /workspaces/hands-on-introduction-data-engineering-4395021/airflow/dags/extract_dag.py for tasks to queue
[2025-02-06T18:28:07.753+0000] {logging_mixin.py:150} INFO - [2025-02-06T18:28:07.753+0000] {dagbag.py:541} INFO - Filling up the DagBag from /workspaces/hands-on-introduction-data-engineering-4395021/airflow/dags/extract_dag.py
[2025-02-06T18:28:07.760+0000] {processor.py:836} INFO - DAG(s) dict_keys(['extract_dag']) retrieved from /workspaces/hands-on-introduction-data-engineering-4395021/airflow/dags/extract_dag.py
[2025-02-06T18:28:07.765+0000] {logging_mixin.py:150} INFO - [2025-02-06T18:28:07.765+0000] {dag.py:2742} INFO - Sync 1 DAGs
[2025-02-06T18:28:07.777+0000] {logging_mixin.py:150} INFO - [2025-02-06T18:28:07.777+0000] {dag.py:3504} INFO - Setting next_dagrun for extract_dag to None, run_after=None
[2025-02-06T18:28:07.791+0000] {processor.py:179} INFO - Processing /workspaces/hands-on-introduction-data-engineering-4395021/airflow/dags/extract_dag.py took 0.041 seconds
[2025-02-06T18:28:38.018+0000] {processor.py:157} INFO - Started process (PID=14214) to work on /workspaces/hands-on-introduction-data-engineering-4395021/airflow/dags/extract_dag.py
[2025-02-06T18:28:38.018+0000] {processor.py:826} INFO - Processing file /workspaces/hands-on-introduction-data-engineering-4395021/airflow/dags/extract_dag.py for tasks to queue
[2025-02-06T18:28:38.019+0000] {logging_mixin.py:150} INFO - [2025-02-06T18:28:38.019+0000] {dagbag.py:541} INFO - Filling up the DagBag from /workspaces/hands-on-introduction-data-engineering-4395021/airflow/dags/extract_dag.py
[2025-02-06T18:28:38.028+0000] {processor.py:836} INFO - DAG(s) dict_keys(['extract_dag']) retrieved from /workspaces/hands-on-introduction-data-engineering-4395021/airflow/dags/extract_dag.py
[2025-02-06T18:28:38.098+0000] {logging_mixin.py:150} INFO - [2025-02-06T18:28:38.097+0000] {dag.py:2742} INFO - Sync 1 DAGs
[2025-02-06T18:28:38.108+0000] {logging_mixin.py:150} INFO - [2025-02-06T18:28:38.108+0000] {dag.py:3504} INFO - Setting next_dagrun for extract_dag to None, run_after=None
[2025-02-06T18:28:38.121+0000] {processor.py:179} INFO - Processing /workspaces/hands-on-introduction-data-engineering-4395021/airflow/dags/extract_dag.py took 0.106 seconds
[2025-02-06T18:29:08.838+0000] {processor.py:157} INFO - Started process (PID=14454) to work on /workspaces/hands-on-introduction-data-engineering-4395021/airflow/dags/extract_dag.py
[2025-02-06T18:29:08.838+0000] {processor.py:826} INFO - Processing file /workspaces/hands-on-introduction-data-engineering-4395021/airflow/dags/extract_dag.py for tasks to queue
[2025-02-06T18:29:08.839+0000] {logging_mixin.py:150} INFO - [2025-02-06T18:29:08.839+0000] {dagbag.py:541} INFO - Filling up the DagBag from /workspaces/hands-on-introduction-data-engineering-4395021/airflow/dags/extract_dag.py
[2025-02-06T18:29:08.845+0000] {processor.py:836} INFO - DAG(s) dict_keys(['extract_dag']) retrieved from /workspaces/hands-on-introduction-data-engineering-4395021/airflow/dags/extract_dag.py
[2025-02-06T18:29:08.860+0000] {logging_mixin.py:150} INFO - [2025-02-06T18:29:08.860+0000] {dag.py:2742} INFO - Sync 1 DAGs
[2025-02-06T18:29:08.872+0000] {logging_mixin.py:150} INFO - [2025-02-06T18:29:08.872+0000] {dag.py:3504} INFO - Setting next_dagrun for extract_dag to None, run_after=None
[2025-02-06T18:29:08.884+0000] {processor.py:179} INFO - Processing /workspaces/hands-on-introduction-data-engineering-4395021/airflow/dags/extract_dag.py took 0.048 seconds
[2025-02-06T18:29:38.995+0000] {processor.py:157} INFO - Started process (PID=14635) to work on /workspaces/hands-on-introduction-data-engineering-4395021/airflow/dags/extract_dag.py
[2025-02-06T18:29:38.996+0000] {processor.py:826} INFO - Processing file /workspaces/hands-on-introduction-data-engineering-4395021/airflow/dags/extract_dag.py for tasks to queue
[2025-02-06T18:29:38.997+0000] {logging_mixin.py:150} INFO - [2025-02-06T18:29:38.997+0000] {dagbag.py:541} INFO - Filling up the DagBag from /workspaces/hands-on-introduction-data-engineering-4395021/airflow/dags/extract_dag.py
[2025-02-06T18:29:39.003+0000] {processor.py:836} INFO - DAG(s) dict_keys(['extract_dag']) retrieved from /workspaces/hands-on-introduction-data-engineering-4395021/airflow/dags/extract_dag.py
[2025-02-06T18:29:39.018+0000] {logging_mixin.py:150} INFO - [2025-02-06T18:29:39.017+0000] {dag.py:2742} INFO - Sync 1 DAGs
[2025-02-06T18:29:39.031+0000] {logging_mixin.py:150} INFO - [2025-02-06T18:29:39.031+0000] {dag.py:3504} INFO - Setting next_dagrun for extract_dag to None, run_after=None
[2025-02-06T18:29:39.043+0000] {processor.py:179} INFO - Processing /workspaces/hands-on-introduction-data-engineering-4395021/airflow/dags/extract_dag.py took 0.050 seconds
[2025-02-06T18:30:09.154+0000] {processor.py:157} INFO - Started process (PID=14804) to work on /workspaces/hands-on-introduction-data-engineering-4395021/airflow/dags/extract_dag.py
[2025-02-06T18:30:09.155+0000] {processor.py:826} INFO - Processing file /workspaces/hands-on-introduction-data-engineering-4395021/airflow/dags/extract_dag.py for tasks to queue
[2025-02-06T18:30:09.155+0000] {logging_mixin.py:150} INFO - [2025-02-06T18:30:09.155+0000] {dagbag.py:541} INFO - Filling up the DagBag from /workspaces/hands-on-introduction-data-engineering-4395021/airflow/dags/extract_dag.py
[2025-02-06T18:30:09.162+0000] {processor.py:836} INFO - DAG(s) dict_keys(['extract_dag']) retrieved from /workspaces/hands-on-introduction-data-engineering-4395021/airflow/dags/extract_dag.py
[2025-02-06T18:30:09.175+0000] {logging_mixin.py:150} INFO - [2025-02-06T18:30:09.175+0000] {dag.py:2742} INFO - Sync 1 DAGs
[2025-02-06T18:30:09.187+0000] {logging_mixin.py:150} INFO - [2025-02-06T18:30:09.187+0000] {dag.py:3504} INFO - Setting next_dagrun for extract_dag to None, run_after=None
[2025-02-06T18:30:09.200+0000] {processor.py:179} INFO - Processing /workspaces/hands-on-introduction-data-engineering-4395021/airflow/dags/extract_dag.py took 0.048 seconds
[2025-02-06T18:30:39.312+0000] {processor.py:157} INFO - Started process (PID=14983) to work on /workspaces/hands-on-introduction-data-engineering-4395021/airflow/dags/extract_dag.py
[2025-02-06T18:30:39.313+0000] {processor.py:826} INFO - Processing file /workspaces/hands-on-introduction-data-engineering-4395021/airflow/dags/extract_dag.py for tasks to queue
[2025-02-06T18:30:39.314+0000] {logging_mixin.py:150} INFO - [2025-02-06T18:30:39.314+0000] {dagbag.py:541} INFO - Filling up the DagBag from /workspaces/hands-on-introduction-data-engineering-4395021/airflow/dags/extract_dag.py
[2025-02-06T18:30:39.323+0000] {processor.py:836} INFO - DAG(s) dict_keys(['extract_dag']) retrieved from /workspaces/hands-on-introduction-data-engineering-4395021/airflow/dags/extract_dag.py
[2025-02-06T18:30:39.338+0000] {logging_mixin.py:150} INFO - [2025-02-06T18:30:39.338+0000] {dag.py:2742} INFO - Sync 1 DAGs
[2025-02-06T18:30:39.351+0000] {logging_mixin.py:150} INFO - [2025-02-06T18:30:39.350+0000] {dag.py:3504} INFO - Setting next_dagrun for extract_dag to None, run_after=None
[2025-02-06T18:30:39.363+0000] {processor.py:179} INFO - Processing /workspaces/hands-on-introduction-data-engineering-4395021/airflow/dags/extract_dag.py took 0.053 seconds
[2025-02-06T18:31:09.471+0000] {processor.py:157} INFO - Started process (PID=15152) to work on /workspaces/hands-on-introduction-data-engineering-4395021/airflow/dags/extract_dag.py
[2025-02-06T18:31:09.472+0000] {processor.py:826} INFO - Processing file /workspaces/hands-on-introduction-data-engineering-4395021/airflow/dags/extract_dag.py for tasks to queue
[2025-02-06T18:31:09.472+0000] {logging_mixin.py:150} INFO - [2025-02-06T18:31:09.472+0000] {dagbag.py:541} INFO - Filling up the DagBag from /workspaces/hands-on-introduction-data-engineering-4395021/airflow/dags/extract_dag.py
[2025-02-06T18:31:09.479+0000] {processor.py:836} INFO - DAG(s) dict_keys(['extract_dag']) retrieved from /workspaces/hands-on-introduction-data-engineering-4395021/airflow/dags/extract_dag.py
[2025-02-06T18:31:09.498+0000] {logging_mixin.py:150} INFO - [2025-02-06T18:31:09.498+0000] {dag.py:2742} INFO - Sync 1 DAGs
[2025-02-06T18:31:09.516+0000] {logging_mixin.py:150} INFO - [2025-02-06T18:31:09.516+0000] {dag.py:3504} INFO - Setting next_dagrun for extract_dag to None, run_after=None
[2025-02-06T18:31:09.528+0000] {processor.py:179} INFO - Processing /workspaces/hands-on-introduction-data-engineering-4395021/airflow/dags/extract_dag.py took 0.060 seconds
[2025-02-06T18:31:39.625+0000] {processor.py:157} INFO - Started process (PID=15330) to work on /workspaces/hands-on-introduction-data-engineering-4395021/airflow/dags/extract_dag.py
[2025-02-06T18:31:39.625+0000] {processor.py:826} INFO - Processing file /workspaces/hands-on-introduction-data-engineering-4395021/airflow/dags/extract_dag.py for tasks to queue
[2025-02-06T18:31:39.626+0000] {logging_mixin.py:150} INFO - [2025-02-06T18:31:39.626+0000] {dagbag.py:541} INFO - Filling up the DagBag from /workspaces/hands-on-introduction-data-engineering-4395021/airflow/dags/extract_dag.py
[2025-02-06T18:31:39.632+0000] {processor.py:836} INFO - DAG(s) dict_keys(['extract_dag']) retrieved from /workspaces/hands-on-introduction-data-engineering-4395021/airflow/dags/extract_dag.py
[2025-02-06T18:31:39.650+0000] {logging_mixin.py:150} INFO - [2025-02-06T18:31:39.650+0000] {dag.py:2742} INFO - Sync 1 DAGs
[2025-02-06T18:31:39.670+0000] {logging_mixin.py:150} INFO - [2025-02-06T18:31:39.670+0000] {dag.py:3504} INFO - Setting next_dagrun for extract_dag to None, run_after=None
[2025-02-06T18:31:39.686+0000] {processor.py:179} INFO - Processing /workspaces/hands-on-introduction-data-engineering-4395021/airflow/dags/extract_dag.py took 0.064 seconds
[2025-02-06T18:32:09.781+0000] {processor.py:157} INFO - Started process (PID=15502) to work on /workspaces/hands-on-introduction-data-engineering-4395021/airflow/dags/extract_dag.py
[2025-02-06T18:32:09.782+0000] {processor.py:826} INFO - Processing file /workspaces/hands-on-introduction-data-engineering-4395021/airflow/dags/extract_dag.py for tasks to queue
[2025-02-06T18:32:09.782+0000] {logging_mixin.py:150} INFO - [2025-02-06T18:32:09.782+0000] {dagbag.py:541} INFO - Filling up the DagBag from /workspaces/hands-on-introduction-data-engineering-4395021/airflow/dags/extract_dag.py
[2025-02-06T18:32:09.789+0000] {processor.py:836} INFO - DAG(s) dict_keys(['extract_dag']) retrieved from /workspaces/hands-on-introduction-data-engineering-4395021/airflow/dags/extract_dag.py
[2025-02-06T18:32:09.803+0000] {logging_mixin.py:150} INFO - [2025-02-06T18:32:09.803+0000] {dag.py:2742} INFO - Sync 1 DAGs
[2025-02-06T18:32:09.815+0000] {logging_mixin.py:150} INFO - [2025-02-06T18:32:09.815+0000] {dag.py:3504} INFO - Setting next_dagrun for extract_dag to None, run_after=None
[2025-02-06T18:32:09.830+0000] {processor.py:179} INFO - Processing /workspaces/hands-on-introduction-data-engineering-4395021/airflow/dags/extract_dag.py took 0.051 seconds
[2025-02-06T18:32:39.944+0000] {processor.py:157} INFO - Started process (PID=15685) to work on /workspaces/hands-on-introduction-data-engineering-4395021/airflow/dags/extract_dag.py
[2025-02-06T18:32:39.944+0000] {processor.py:826} INFO - Processing file /workspaces/hands-on-introduction-data-engineering-4395021/airflow/dags/extract_dag.py for tasks to queue
[2025-02-06T18:32:39.945+0000] {logging_mixin.py:150} INFO - [2025-02-06T18:32:39.945+0000] {dagbag.py:541} INFO - Filling up the DagBag from /workspaces/hands-on-introduction-data-engineering-4395021/airflow/dags/extract_dag.py
[2025-02-06T18:32:39.952+0000] {processor.py:836} INFO - DAG(s) dict_keys(['extract_dag']) retrieved from /workspaces/hands-on-introduction-data-engineering-4395021/airflow/dags/extract_dag.py
[2025-02-06T18:32:39.966+0000] {logging_mixin.py:150} INFO - [2025-02-06T18:32:39.966+0000] {dag.py:2742} INFO - Sync 1 DAGs
[2025-02-06T18:32:39.978+0000] {logging_mixin.py:150} INFO - [2025-02-06T18:32:39.978+0000] {dag.py:3504} INFO - Setting next_dagrun for extract_dag to None, run_after=None
[2025-02-06T18:32:39.990+0000] {processor.py:179} INFO - Processing /workspaces/hands-on-introduction-data-engineering-4395021/airflow/dags/extract_dag.py took 0.049 seconds
[2025-02-06T18:33:10.107+0000] {processor.py:157} INFO - Started process (PID=15866) to work on /workspaces/hands-on-introduction-data-engineering-4395021/airflow/dags/extract_dag.py
[2025-02-06T18:33:10.108+0000] {processor.py:826} INFO - Processing file /workspaces/hands-on-introduction-data-engineering-4395021/airflow/dags/extract_dag.py for tasks to queue
[2025-02-06T18:33:10.108+0000] {logging_mixin.py:150} INFO - [2025-02-06T18:33:10.108+0000] {dagbag.py:541} INFO - Filling up the DagBag from /workspaces/hands-on-introduction-data-engineering-4395021/airflow/dags/extract_dag.py
[2025-02-06T18:33:10.115+0000] {processor.py:836} INFO - DAG(s) dict_keys(['extract_dag']) retrieved from /workspaces/hands-on-introduction-data-engineering-4395021/airflow/dags/extract_dag.py
[2025-02-06T18:33:10.129+0000] {logging_mixin.py:150} INFO - [2025-02-06T18:33:10.129+0000] {dag.py:2742} INFO - Sync 1 DAGs
[2025-02-06T18:33:10.142+0000] {logging_mixin.py:150} INFO - [2025-02-06T18:33:10.142+0000] {dag.py:3504} INFO - Setting next_dagrun for extract_dag to None, run_after=None
[2025-02-06T18:33:10.154+0000] {processor.py:179} INFO - Processing /workspaces/hands-on-introduction-data-engineering-4395021/airflow/dags/extract_dag.py took 0.049 seconds
[2025-02-06T18:33:40.211+0000] {processor.py:157} INFO - Started process (PID=16061) to work on /workspaces/hands-on-introduction-data-engineering-4395021/airflow/dags/extract_dag.py
[2025-02-06T18:33:40.211+0000] {processor.py:826} INFO - Processing file /workspaces/hands-on-introduction-data-engineering-4395021/airflow/dags/extract_dag.py for tasks to queue
[2025-02-06T18:33:40.212+0000] {logging_mixin.py:150} INFO - [2025-02-06T18:33:40.212+0000] {dagbag.py:541} INFO - Filling up the DagBag from /workspaces/hands-on-introduction-data-engineering-4395021/airflow/dags/extract_dag.py
[2025-02-06T18:33:40.218+0000] {processor.py:836} INFO - DAG(s) dict_keys(['extract_dag']) retrieved from /workspaces/hands-on-introduction-data-engineering-4395021/airflow/dags/extract_dag.py
[2025-02-06T18:33:40.232+0000] {logging_mixin.py:150} INFO - [2025-02-06T18:33:40.232+0000] {dag.py:2742} INFO - Sync 1 DAGs
[2025-02-06T18:33:40.245+0000] {logging_mixin.py:150} INFO - [2025-02-06T18:33:40.244+0000] {dag.py:3504} INFO - Setting next_dagrun for extract_dag to None, run_after=None
[2025-02-06T18:33:40.257+0000] {processor.py:179} INFO - Processing /workspaces/hands-on-introduction-data-engineering-4395021/airflow/dags/extract_dag.py took 0.048 seconds
[2025-02-06T18:34:10.367+0000] {processor.py:157} INFO - Started process (PID=16241) to work on /workspaces/hands-on-introduction-data-engineering-4395021/airflow/dags/extract_dag.py
[2025-02-06T18:34:10.368+0000] {processor.py:826} INFO - Processing file /workspaces/hands-on-introduction-data-engineering-4395021/airflow/dags/extract_dag.py for tasks to queue
[2025-02-06T18:34:10.368+0000] {logging_mixin.py:150} INFO - [2025-02-06T18:34:10.368+0000] {dagbag.py:541} INFO - Filling up the DagBag from /workspaces/hands-on-introduction-data-engineering-4395021/airflow/dags/extract_dag.py
[2025-02-06T18:34:10.375+0000] {processor.py:836} INFO - DAG(s) dict_keys(['extract_dag']) retrieved from /workspaces/hands-on-introduction-data-engineering-4395021/airflow/dags/extract_dag.py
[2025-02-06T18:34:10.389+0000] {logging_mixin.py:150} INFO - [2025-02-06T18:34:10.389+0000] {dag.py:2742} INFO - Sync 1 DAGs
[2025-02-06T18:34:10.401+0000] {logging_mixin.py:150} INFO - [2025-02-06T18:34:10.401+0000] {dag.py:3504} INFO - Setting next_dagrun for extract_dag to None, run_after=None
[2025-02-06T18:34:10.414+0000] {processor.py:179} INFO - Processing /workspaces/hands-on-introduction-data-engineering-4395021/airflow/dags/extract_dag.py took 0.049 seconds
[2025-02-06T18:34:40.522+0000] {processor.py:157} INFO - Started process (PID=16413) to work on /workspaces/hands-on-introduction-data-engineering-4395021/airflow/dags/extract_dag.py
[2025-02-06T18:34:40.523+0000] {processor.py:826} INFO - Processing file /workspaces/hands-on-introduction-data-engineering-4395021/airflow/dags/extract_dag.py for tasks to queue
[2025-02-06T18:34:40.524+0000] {logging_mixin.py:150} INFO - [2025-02-06T18:34:40.523+0000] {dagbag.py:541} INFO - Filling up the DagBag from /workspaces/hands-on-introduction-data-engineering-4395021/airflow/dags/extract_dag.py
[2025-02-06T18:34:40.530+0000] {processor.py:836} INFO - DAG(s) dict_keys(['extract_dag']) retrieved from /workspaces/hands-on-introduction-data-engineering-4395021/airflow/dags/extract_dag.py
[2025-02-06T18:34:40.544+0000] {logging_mixin.py:150} INFO - [2025-02-06T18:34:40.544+0000] {dag.py:2742} INFO - Sync 1 DAGs
[2025-02-06T18:34:40.557+0000] {logging_mixin.py:150} INFO - [2025-02-06T18:34:40.556+0000] {dag.py:3504} INFO - Setting next_dagrun for extract_dag to None, run_after=None
[2025-02-06T18:34:40.569+0000] {processor.py:179} INFO - Processing /workspaces/hands-on-introduction-data-engineering-4395021/airflow/dags/extract_dag.py took 0.049 seconds
[2025-02-06T18:35:10.679+0000] {processor.py:157} INFO - Started process (PID=16591) to work on /workspaces/hands-on-introduction-data-engineering-4395021/airflow/dags/extract_dag.py
[2025-02-06T18:35:10.679+0000] {processor.py:826} INFO - Processing file /workspaces/hands-on-introduction-data-engineering-4395021/airflow/dags/extract_dag.py for tasks to queue
[2025-02-06T18:35:10.680+0000] {logging_mixin.py:150} INFO - [2025-02-06T18:35:10.680+0000] {dagbag.py:541} INFO - Filling up the DagBag from /workspaces/hands-on-introduction-data-engineering-4395021/airflow/dags/extract_dag.py
[2025-02-06T18:35:10.687+0000] {processor.py:836} INFO - DAG(s) dict_keys(['extract_dag']) retrieved from /workspaces/hands-on-introduction-data-engineering-4395021/airflow/dags/extract_dag.py
[2025-02-06T18:35:10.701+0000] {logging_mixin.py:150} INFO - [2025-02-06T18:35:10.701+0000] {dag.py:2742} INFO - Sync 1 DAGs
[2025-02-06T18:35:10.714+0000] {logging_mixin.py:150} INFO - [2025-02-06T18:35:10.713+0000] {dag.py:3504} INFO - Setting next_dagrun for extract_dag to None, run_after=None
[2025-02-06T18:35:10.726+0000] {processor.py:179} INFO - Processing /workspaces/hands-on-introduction-data-engineering-4395021/airflow/dags/extract_dag.py took 0.049 seconds
[2025-02-06T18:35:40.837+0000] {processor.py:157} INFO - Started process (PID=16764) to work on /workspaces/hands-on-introduction-data-engineering-4395021/airflow/dags/extract_dag.py
[2025-02-06T18:35:40.837+0000] {processor.py:826} INFO - Processing file /workspaces/hands-on-introduction-data-engineering-4395021/airflow/dags/extract_dag.py for tasks to queue
[2025-02-06T18:35:40.838+0000] {logging_mixin.py:150} INFO - [2025-02-06T18:35:40.838+0000] {dagbag.py:541} INFO - Filling up the DagBag from /workspaces/hands-on-introduction-data-engineering-4395021/airflow/dags/extract_dag.py
[2025-02-06T18:35:40.844+0000] {processor.py:836} INFO - DAG(s) dict_keys(['extract_dag']) retrieved from /workspaces/hands-on-introduction-data-engineering-4395021/airflow/dags/extract_dag.py
[2025-02-06T18:35:40.861+0000] {logging_mixin.py:150} INFO - [2025-02-06T18:35:40.861+0000] {dag.py:2742} INFO - Sync 1 DAGs
[2025-02-06T18:35:40.874+0000] {logging_mixin.py:150} INFO - [2025-02-06T18:35:40.874+0000] {dag.py:3504} INFO - Setting next_dagrun for extract_dag to None, run_after=None
[2025-02-06T18:35:40.886+0000] {processor.py:179} INFO - Processing /workspaces/hands-on-introduction-data-engineering-4395021/airflow/dags/extract_dag.py took 0.052 seconds
[2025-02-06T18:36:10.993+0000] {processor.py:157} INFO - Started process (PID=16945) to work on /workspaces/hands-on-introduction-data-engineering-4395021/airflow/dags/extract_dag.py
[2025-02-06T18:36:10.993+0000] {processor.py:826} INFO - Processing file /workspaces/hands-on-introduction-data-engineering-4395021/airflow/dags/extract_dag.py for tasks to queue
[2025-02-06T18:36:10.994+0000] {logging_mixin.py:150} INFO - [2025-02-06T18:36:10.994+0000] {dagbag.py:541} INFO - Filling up the DagBag from /workspaces/hands-on-introduction-data-engineering-4395021/airflow/dags/extract_dag.py
[2025-02-06T18:36:11.000+0000] {processor.py:836} INFO - DAG(s) dict_keys(['extract_dag']) retrieved from /workspaces/hands-on-introduction-data-engineering-4395021/airflow/dags/extract_dag.py
[2025-02-06T18:36:11.014+0000] {logging_mixin.py:150} INFO - [2025-02-06T18:36:11.014+0000] {dag.py:2742} INFO - Sync 1 DAGs
[2025-02-06T18:36:11.027+0000] {logging_mixin.py:150} INFO - [2025-02-06T18:36:11.026+0000] {dag.py:3504} INFO - Setting next_dagrun for extract_dag to None, run_after=None
[2025-02-06T18:36:11.039+0000] {processor.py:179} INFO - Processing /workspaces/hands-on-introduction-data-engineering-4395021/airflow/dags/extract_dag.py took 0.048 seconds
[2025-02-06T18:36:41.148+0000] {processor.py:157} INFO - Started process (PID=17118) to work on /workspaces/hands-on-introduction-data-engineering-4395021/airflow/dags/extract_dag.py
[2025-02-06T18:36:41.149+0000] {processor.py:826} INFO - Processing file /workspaces/hands-on-introduction-data-engineering-4395021/airflow/dags/extract_dag.py for tasks to queue
[2025-02-06T18:36:41.149+0000] {logging_mixin.py:150} INFO - [2025-02-06T18:36:41.149+0000] {dagbag.py:541} INFO - Filling up the DagBag from /workspaces/hands-on-introduction-data-engineering-4395021/airflow/dags/extract_dag.py
[2025-02-06T18:36:41.156+0000] {processor.py:836} INFO - DAG(s) dict_keys(['extract_dag']) retrieved from /workspaces/hands-on-introduction-data-engineering-4395021/airflow/dags/extract_dag.py
[2025-02-06T18:36:41.170+0000] {logging_mixin.py:150} INFO - [2025-02-06T18:36:41.170+0000] {dag.py:2742} INFO - Sync 1 DAGs
[2025-02-06T18:36:41.182+0000] {logging_mixin.py:150} INFO - [2025-02-06T18:36:41.182+0000] {dag.py:3504} INFO - Setting next_dagrun for extract_dag to None, run_after=None
[2025-02-06T18:36:41.201+0000] {processor.py:179} INFO - Processing /workspaces/hands-on-introduction-data-engineering-4395021/airflow/dags/extract_dag.py took 0.055 seconds
[2025-02-06T18:37:11.304+0000] {processor.py:157} INFO - Started process (PID=17289) to work on /workspaces/hands-on-introduction-data-engineering-4395021/airflow/dags/extract_dag.py
[2025-02-06T18:37:11.304+0000] {processor.py:826} INFO - Processing file /workspaces/hands-on-introduction-data-engineering-4395021/airflow/dags/extract_dag.py for tasks to queue
[2025-02-06T18:37:11.305+0000] {logging_mixin.py:150} INFO - [2025-02-06T18:37:11.305+0000] {dagbag.py:541} INFO - Filling up the DagBag from /workspaces/hands-on-introduction-data-engineering-4395021/airflow/dags/extract_dag.py
[2025-02-06T18:37:11.312+0000] {processor.py:836} INFO - DAG(s) dict_keys(['extract_dag']) retrieved from /workspaces/hands-on-introduction-data-engineering-4395021/airflow/dags/extract_dag.py
[2025-02-06T18:37:11.327+0000] {logging_mixin.py:150} INFO - [2025-02-06T18:37:11.326+0000] {dag.py:2742} INFO - Sync 1 DAGs
[2025-02-06T18:37:11.339+0000] {logging_mixin.py:150} INFO - [2025-02-06T18:37:11.339+0000] {dag.py:3504} INFO - Setting next_dagrun for extract_dag to None, run_after=None
[2025-02-06T18:37:11.351+0000] {processor.py:179} INFO - Processing /workspaces/hands-on-introduction-data-engineering-4395021/airflow/dags/extract_dag.py took 0.049 seconds
[2025-02-06T18:37:41.460+0000] {processor.py:157} INFO - Started process (PID=17466) to work on /workspaces/hands-on-introduction-data-engineering-4395021/airflow/dags/extract_dag.py
[2025-02-06T18:37:41.461+0000] {processor.py:826} INFO - Processing file /workspaces/hands-on-introduction-data-engineering-4395021/airflow/dags/extract_dag.py for tasks to queue
[2025-02-06T18:37:41.462+0000] {logging_mixin.py:150} INFO - [2025-02-06T18:37:41.462+0000] {dagbag.py:541} INFO - Filling up the DagBag from /workspaces/hands-on-introduction-data-engineering-4395021/airflow/dags/extract_dag.py
[2025-02-06T18:37:41.468+0000] {processor.py:836} INFO - DAG(s) dict_keys(['extract_dag']) retrieved from /workspaces/hands-on-introduction-data-engineering-4395021/airflow/dags/extract_dag.py
[2025-02-06T18:37:41.483+0000] {logging_mixin.py:150} INFO - [2025-02-06T18:37:41.482+0000] {dag.py:2742} INFO - Sync 1 DAGs
[2025-02-06T18:37:41.495+0000] {logging_mixin.py:150} INFO - [2025-02-06T18:37:41.495+0000] {dag.py:3504} INFO - Setting next_dagrun for extract_dag to None, run_after=None
[2025-02-06T18:37:41.507+0000] {processor.py:179} INFO - Processing /workspaces/hands-on-introduction-data-engineering-4395021/airflow/dags/extract_dag.py took 0.048 seconds
[2025-02-06T18:38:11.623+0000] {processor.py:157} INFO - Started process (PID=17641) to work on /workspaces/hands-on-introduction-data-engineering-4395021/airflow/dags/extract_dag.py
[2025-02-06T18:38:11.624+0000] {processor.py:826} INFO - Processing file /workspaces/hands-on-introduction-data-engineering-4395021/airflow/dags/extract_dag.py for tasks to queue
[2025-02-06T18:38:11.624+0000] {logging_mixin.py:150} INFO - [2025-02-06T18:38:11.624+0000] {dagbag.py:541} INFO - Filling up the DagBag from /workspaces/hands-on-introduction-data-engineering-4395021/airflow/dags/extract_dag.py
[2025-02-06T18:38:11.631+0000] {processor.py:836} INFO - DAG(s) dict_keys(['extract_dag']) retrieved from /workspaces/hands-on-introduction-data-engineering-4395021/airflow/dags/extract_dag.py
[2025-02-06T18:38:11.645+0000] {logging_mixin.py:150} INFO - [2025-02-06T18:38:11.645+0000] {dag.py:2742} INFO - Sync 1 DAGs
[2025-02-06T18:38:11.657+0000] {logging_mixin.py:150} INFO - [2025-02-06T18:38:11.657+0000] {dag.py:3504} INFO - Setting next_dagrun for extract_dag to None, run_after=None
[2025-02-06T18:38:11.670+0000] {processor.py:179} INFO - Processing /workspaces/hands-on-introduction-data-engineering-4395021/airflow/dags/extract_dag.py took 0.049 seconds
[2025-02-06T18:38:41.781+0000] {processor.py:157} INFO - Started process (PID=17848) to work on /workspaces/hands-on-introduction-data-engineering-4395021/airflow/dags/extract_dag.py
[2025-02-06T18:38:41.782+0000] {processor.py:826} INFO - Processing file /workspaces/hands-on-introduction-data-engineering-4395021/airflow/dags/extract_dag.py for tasks to queue
[2025-02-06T18:38:41.782+0000] {logging_mixin.py:150} INFO - [2025-02-06T18:38:41.782+0000] {dagbag.py:541} INFO - Filling up the DagBag from /workspaces/hands-on-introduction-data-engineering-4395021/airflow/dags/extract_dag.py
[2025-02-06T18:38:41.789+0000] {processor.py:836} INFO - DAG(s) dict_keys(['extract_dag']) retrieved from /workspaces/hands-on-introduction-data-engineering-4395021/airflow/dags/extract_dag.py
[2025-02-06T18:38:41.803+0000] {logging_mixin.py:150} INFO - [2025-02-06T18:38:41.803+0000] {dag.py:2742} INFO - Sync 1 DAGs
[2025-02-06T18:38:41.815+0000] {logging_mixin.py:150} INFO - [2025-02-06T18:38:41.815+0000] {dag.py:3504} INFO - Setting next_dagrun for extract_dag to None, run_after=None
[2025-02-06T18:38:41.827+0000] {processor.py:179} INFO - Processing /workspaces/hands-on-introduction-data-engineering-4395021/airflow/dags/extract_dag.py took 0.048 seconds
[2025-02-06T18:39:11.938+0000] {processor.py:157} INFO - Started process (PID=18022) to work on /workspaces/hands-on-introduction-data-engineering-4395021/airflow/dags/extract_dag.py
[2025-02-06T18:39:11.938+0000] {processor.py:826} INFO - Processing file /workspaces/hands-on-introduction-data-engineering-4395021/airflow/dags/extract_dag.py for tasks to queue
[2025-02-06T18:39:11.939+0000] {logging_mixin.py:150} INFO - [2025-02-06T18:39:11.939+0000] {dagbag.py:541} INFO - Filling up the DagBag from /workspaces/hands-on-introduction-data-engineering-4395021/airflow/dags/extract_dag.py
[2025-02-06T18:39:11.945+0000] {processor.py:836} INFO - DAG(s) dict_keys(['extract_dag']) retrieved from /workspaces/hands-on-introduction-data-engineering-4395021/airflow/dags/extract_dag.py
[2025-02-06T18:39:11.960+0000] {logging_mixin.py:150} INFO - [2025-02-06T18:39:11.960+0000] {dag.py:2742} INFO - Sync 1 DAGs
[2025-02-06T18:39:11.972+0000] {logging_mixin.py:150} INFO - [2025-02-06T18:39:11.972+0000] {dag.py:3504} INFO - Setting next_dagrun for extract_dag to None, run_after=None
[2025-02-06T18:39:11.984+0000] {processor.py:179} INFO - Processing /workspaces/hands-on-introduction-data-engineering-4395021/airflow/dags/extract_dag.py took 0.049 seconds
[2025-02-06T18:39:42.095+0000] {processor.py:157} INFO - Started process (PID=18202) to work on /workspaces/hands-on-introduction-data-engineering-4395021/airflow/dags/extract_dag.py
[2025-02-06T18:39:42.096+0000] {processor.py:826} INFO - Processing file /workspaces/hands-on-introduction-data-engineering-4395021/airflow/dags/extract_dag.py for tasks to queue
[2025-02-06T18:39:42.097+0000] {logging_mixin.py:150} INFO - [2025-02-06T18:39:42.096+0000] {dagbag.py:541} INFO - Filling up the DagBag from /workspaces/hands-on-introduction-data-engineering-4395021/airflow/dags/extract_dag.py
[2025-02-06T18:39:42.105+0000] {processor.py:836} INFO - DAG(s) dict_keys(['extract_dag']) retrieved from /workspaces/hands-on-introduction-data-engineering-4395021/airflow/dags/extract_dag.py
[2025-02-06T18:39:42.119+0000] {logging_mixin.py:150} INFO - [2025-02-06T18:39:42.119+0000] {dag.py:2742} INFO - Sync 1 DAGs
[2025-02-06T18:39:42.131+0000] {logging_mixin.py:150} INFO - [2025-02-06T18:39:42.131+0000] {dag.py:3504} INFO - Setting next_dagrun for extract_dag to None, run_after=None
[2025-02-06T18:39:42.143+0000] {processor.py:179} INFO - Processing /workspaces/hands-on-introduction-data-engineering-4395021/airflow/dags/extract_dag.py took 0.050 seconds
[2025-02-06T18:40:12.251+0000] {processor.py:157} INFO - Started process (PID=18375) to work on /workspaces/hands-on-introduction-data-engineering-4395021/airflow/dags/extract_dag.py
[2025-02-06T18:40:12.252+0000] {processor.py:826} INFO - Processing file /workspaces/hands-on-introduction-data-engineering-4395021/airflow/dags/extract_dag.py for tasks to queue
[2025-02-06T18:40:12.252+0000] {logging_mixin.py:150} INFO - [2025-02-06T18:40:12.252+0000] {dagbag.py:541} INFO - Filling up the DagBag from /workspaces/hands-on-introduction-data-engineering-4395021/airflow/dags/extract_dag.py
[2025-02-06T18:40:12.259+0000] {processor.py:836} INFO - DAG(s) dict_keys(['extract_dag']) retrieved from /workspaces/hands-on-introduction-data-engineering-4395021/airflow/dags/extract_dag.py
[2025-02-06T18:40:12.273+0000] {logging_mixin.py:150} INFO - [2025-02-06T18:40:12.273+0000] {dag.py:2742} INFO - Sync 1 DAGs
[2025-02-06T18:40:12.287+0000] {logging_mixin.py:150} INFO - [2025-02-06T18:40:12.287+0000] {dag.py:3504} INFO - Setting next_dagrun for extract_dag to None, run_after=None
[2025-02-06T18:40:12.304+0000] {processor.py:179} INFO - Processing /workspaces/hands-on-introduction-data-engineering-4395021/airflow/dags/extract_dag.py took 0.056 seconds
[2025-02-06T18:40:42.410+0000] {processor.py:157} INFO - Started process (PID=18551) to work on /workspaces/hands-on-introduction-data-engineering-4395021/airflow/dags/extract_dag.py
[2025-02-06T18:40:42.411+0000] {processor.py:826} INFO - Processing file /workspaces/hands-on-introduction-data-engineering-4395021/airflow/dags/extract_dag.py for tasks to queue
[2025-02-06T18:40:42.411+0000] {logging_mixin.py:150} INFO - [2025-02-06T18:40:42.411+0000] {dagbag.py:541} INFO - Filling up the DagBag from /workspaces/hands-on-introduction-data-engineering-4395021/airflow/dags/extract_dag.py
[2025-02-06T18:40:42.423+0000] {processor.py:836} INFO - DAG(s) dict_keys(['extract_dag']) retrieved from /workspaces/hands-on-introduction-data-engineering-4395021/airflow/dags/extract_dag.py
[2025-02-06T18:40:42.443+0000] {logging_mixin.py:150} INFO - [2025-02-06T18:40:42.443+0000] {dag.py:2742} INFO - Sync 1 DAGs
[2025-02-06T18:40:42.455+0000] {logging_mixin.py:150} INFO - [2025-02-06T18:40:42.455+0000] {dag.py:3504} INFO - Setting next_dagrun for extract_dag to None, run_after=None
[2025-02-06T18:40:42.467+0000] {processor.py:179} INFO - Processing /workspaces/hands-on-introduction-data-engineering-4395021/airflow/dags/extract_dag.py took 0.061 seconds
[2025-02-06T18:41:12.569+0000] {processor.py:157} INFO - Started process (PID=18729) to work on /workspaces/hands-on-introduction-data-engineering-4395021/airflow/dags/extract_dag.py
[2025-02-06T18:41:12.569+0000] {processor.py:826} INFO - Processing file /workspaces/hands-on-introduction-data-engineering-4395021/airflow/dags/extract_dag.py for tasks to queue
[2025-02-06T18:41:12.570+0000] {logging_mixin.py:150} INFO - [2025-02-06T18:41:12.570+0000] {dagbag.py:541} INFO - Filling up the DagBag from /workspaces/hands-on-introduction-data-engineering-4395021/airflow/dags/extract_dag.py
[2025-02-06T18:41:12.577+0000] {processor.py:836} INFO - DAG(s) dict_keys(['extract_dag']) retrieved from /workspaces/hands-on-introduction-data-engineering-4395021/airflow/dags/extract_dag.py
[2025-02-06T18:41:12.591+0000] {logging_mixin.py:150} INFO - [2025-02-06T18:41:12.591+0000] {dag.py:2742} INFO - Sync 1 DAGs
[2025-02-06T18:41:12.603+0000] {logging_mixin.py:150} INFO - [2025-02-06T18:41:12.603+0000] {dag.py:3504} INFO - Setting next_dagrun for extract_dag to None, run_after=None
[2025-02-06T18:41:12.615+0000] {processor.py:179} INFO - Processing /workspaces/hands-on-introduction-data-engineering-4395021/airflow/dags/extract_dag.py took 0.048 seconds
[2025-02-06T18:41:42.740+0000] {processor.py:157} INFO - Started process (PID=18903) to work on /workspaces/hands-on-introduction-data-engineering-4395021/airflow/dags/extract_dag.py
[2025-02-06T18:41:42.740+0000] {processor.py:826} INFO - Processing file /workspaces/hands-on-introduction-data-engineering-4395021/airflow/dags/extract_dag.py for tasks to queue
[2025-02-06T18:41:42.741+0000] {logging_mixin.py:150} INFO - [2025-02-06T18:41:42.741+0000] {dagbag.py:541} INFO - Filling up the DagBag from /workspaces/hands-on-introduction-data-engineering-4395021/airflow/dags/extract_dag.py
[2025-02-06T18:41:42.748+0000] {processor.py:836} INFO - DAG(s) dict_keys(['extract_dag']) retrieved from /workspaces/hands-on-introduction-data-engineering-4395021/airflow/dags/extract_dag.py
[2025-02-06T18:41:42.762+0000] {logging_mixin.py:150} INFO - [2025-02-06T18:41:42.762+0000] {dag.py:2742} INFO - Sync 1 DAGs
[2025-02-06T18:41:42.774+0000] {logging_mixin.py:150} INFO - [2025-02-06T18:41:42.774+0000] {dag.py:3504} INFO - Setting next_dagrun for extract_dag to None, run_after=None
[2025-02-06T18:41:42.787+0000] {processor.py:179} INFO - Processing /workspaces/hands-on-introduction-data-engineering-4395021/airflow/dags/extract_dag.py took 0.049 seconds
[2025-02-06T18:42:12.894+0000] {processor.py:157} INFO - Started process (PID=19083) to work on /workspaces/hands-on-introduction-data-engineering-4395021/airflow/dags/extract_dag.py
[2025-02-06T18:42:12.894+0000] {processor.py:826} INFO - Processing file /workspaces/hands-on-introduction-data-engineering-4395021/airflow/dags/extract_dag.py for tasks to queue
[2025-02-06T18:42:12.895+0000] {logging_mixin.py:150} INFO - [2025-02-06T18:42:12.895+0000] {dagbag.py:541} INFO - Filling up the DagBag from /workspaces/hands-on-introduction-data-engineering-4395021/airflow/dags/extract_dag.py
[2025-02-06T18:42:12.901+0000] {processor.py:836} INFO - DAG(s) dict_keys(['extract_dag']) retrieved from /workspaces/hands-on-introduction-data-engineering-4395021/airflow/dags/extract_dag.py
[2025-02-06T18:42:12.915+0000] {logging_mixin.py:150} INFO - [2025-02-06T18:42:12.915+0000] {dag.py:2742} INFO - Sync 1 DAGs
[2025-02-06T18:42:12.928+0000] {logging_mixin.py:150} INFO - [2025-02-06T18:42:12.928+0000] {dag.py:3504} INFO - Setting next_dagrun for extract_dag to None, run_after=None
[2025-02-06T18:42:12.940+0000] {processor.py:179} INFO - Processing /workspaces/hands-on-introduction-data-engineering-4395021/airflow/dags/extract_dag.py took 0.048 seconds
[2025-02-06T18:42:43.047+0000] {processor.py:157} INFO - Started process (PID=19258) to work on /workspaces/hands-on-introduction-data-engineering-4395021/airflow/dags/extract_dag.py
[2025-02-06T18:42:43.048+0000] {processor.py:826} INFO - Processing file /workspaces/hands-on-introduction-data-engineering-4395021/airflow/dags/extract_dag.py for tasks to queue
[2025-02-06T18:42:43.048+0000] {logging_mixin.py:150} INFO - [2025-02-06T18:42:43.048+0000] {dagbag.py:541} INFO - Filling up the DagBag from /workspaces/hands-on-introduction-data-engineering-4395021/airflow/dags/extract_dag.py
[2025-02-06T18:42:43.055+0000] {processor.py:836} INFO - DAG(s) dict_keys(['extract_dag']) retrieved from /workspaces/hands-on-introduction-data-engineering-4395021/airflow/dags/extract_dag.py
[2025-02-06T18:42:43.069+0000] {logging_mixin.py:150} INFO - [2025-02-06T18:42:43.069+0000] {dag.py:2742} INFO - Sync 1 DAGs
[2025-02-06T18:42:43.082+0000] {logging_mixin.py:150} INFO - [2025-02-06T18:42:43.081+0000] {dag.py:3504} INFO - Setting next_dagrun for extract_dag to None, run_after=None
[2025-02-06T18:42:43.094+0000] {processor.py:179} INFO - Processing /workspaces/hands-on-introduction-data-engineering-4395021/airflow/dags/extract_dag.py took 0.049 seconds
[2025-02-06T18:43:13.201+0000] {processor.py:157} INFO - Started process (PID=19433) to work on /workspaces/hands-on-introduction-data-engineering-4395021/airflow/dags/extract_dag.py
[2025-02-06T18:43:13.201+0000] {processor.py:826} INFO - Processing file /workspaces/hands-on-introduction-data-engineering-4395021/airflow/dags/extract_dag.py for tasks to queue
[2025-02-06T18:43:13.202+0000] {logging_mixin.py:150} INFO - [2025-02-06T18:43:13.202+0000] {dagbag.py:541} INFO - Filling up the DagBag from /workspaces/hands-on-introduction-data-engineering-4395021/airflow/dags/extract_dag.py
[2025-02-06T18:43:13.208+0000] {processor.py:836} INFO - DAG(s) dict_keys(['extract_dag']) retrieved from /workspaces/hands-on-introduction-data-engineering-4395021/airflow/dags/extract_dag.py
[2025-02-06T18:43:13.223+0000] {logging_mixin.py:150} INFO - [2025-02-06T18:43:13.223+0000] {dag.py:2742} INFO - Sync 1 DAGs
[2025-02-06T18:43:13.235+0000] {logging_mixin.py:150} INFO - [2025-02-06T18:43:13.235+0000] {dag.py:3504} INFO - Setting next_dagrun for extract_dag to None, run_after=None
[2025-02-06T18:43:13.248+0000] {processor.py:179} INFO - Processing /workspaces/hands-on-introduction-data-engineering-4395021/airflow/dags/extract_dag.py took 0.049 seconds
[2025-02-06T18:43:43.355+0000] {processor.py:157} INFO - Started process (PID=19640) to work on /workspaces/hands-on-introduction-data-engineering-4395021/airflow/dags/extract_dag.py
[2025-02-06T18:43:43.355+0000] {processor.py:826} INFO - Processing file /workspaces/hands-on-introduction-data-engineering-4395021/airflow/dags/extract_dag.py for tasks to queue
[2025-02-06T18:43:43.356+0000] {logging_mixin.py:150} INFO - [2025-02-06T18:43:43.356+0000] {dagbag.py:541} INFO - Filling up the DagBag from /workspaces/hands-on-introduction-data-engineering-4395021/airflow/dags/extract_dag.py
[2025-02-06T18:43:43.362+0000] {processor.py:836} INFO - DAG(s) dict_keys(['extract_dag']) retrieved from /workspaces/hands-on-introduction-data-engineering-4395021/airflow/dags/extract_dag.py
[2025-02-06T18:43:43.376+0000] {logging_mixin.py:150} INFO - [2025-02-06T18:43:43.376+0000] {dag.py:2742} INFO - Sync 1 DAGs
[2025-02-06T18:43:43.389+0000] {logging_mixin.py:150} INFO - [2025-02-06T18:43:43.389+0000] {dag.py:3504} INFO - Setting next_dagrun for extract_dag to None, run_after=None
[2025-02-06T18:43:43.401+0000] {processor.py:179} INFO - Processing /workspaces/hands-on-introduction-data-engineering-4395021/airflow/dags/extract_dag.py took 0.048 seconds
[2025-02-06T18:44:13.472+0000] {processor.py:157} INFO - Started process (PID=19814) to work on /workspaces/hands-on-introduction-data-engineering-4395021/airflow/dags/extract_dag.py
[2025-02-06T18:44:13.472+0000] {processor.py:826} INFO - Processing file /workspaces/hands-on-introduction-data-engineering-4395021/airflow/dags/extract_dag.py for tasks to queue
[2025-02-06T18:44:13.473+0000] {logging_mixin.py:150} INFO - [2025-02-06T18:44:13.473+0000] {dagbag.py:541} INFO - Filling up the DagBag from /workspaces/hands-on-introduction-data-engineering-4395021/airflow/dags/extract_dag.py
[2025-02-06T18:44:13.479+0000] {processor.py:836} INFO - DAG(s) dict_keys(['extract_dag']) retrieved from /workspaces/hands-on-introduction-data-engineering-4395021/airflow/dags/extract_dag.py
[2025-02-06T18:44:13.493+0000] {logging_mixin.py:150} INFO - [2025-02-06T18:44:13.493+0000] {dag.py:2742} INFO - Sync 1 DAGs
[2025-02-06T18:44:13.506+0000] {logging_mixin.py:150} INFO - [2025-02-06T18:44:13.506+0000] {dag.py:3504} INFO - Setting next_dagrun for extract_dag to None, run_after=None
[2025-02-06T18:44:13.518+0000] {processor.py:179} INFO - Processing /workspaces/hands-on-introduction-data-engineering-4395021/airflow/dags/extract_dag.py took 0.049 seconds
[2025-02-06T18:44:43.636+0000] {processor.py:157} INFO - Started process (PID=20016) to work on /workspaces/hands-on-introduction-data-engineering-4395021/airflow/dags/extract_dag.py
[2025-02-06T18:44:43.636+0000] {processor.py:826} INFO - Processing file /workspaces/hands-on-introduction-data-engineering-4395021/airflow/dags/extract_dag.py for tasks to queue
[2025-02-06T18:44:43.637+0000] {logging_mixin.py:150} INFO - [2025-02-06T18:44:43.637+0000] {dagbag.py:541} INFO - Filling up the DagBag from /workspaces/hands-on-introduction-data-engineering-4395021/airflow/dags/extract_dag.py
[2025-02-06T18:44:43.643+0000] {processor.py:836} INFO - DAG(s) dict_keys(['extract_dag']) retrieved from /workspaces/hands-on-introduction-data-engineering-4395021/airflow/dags/extract_dag.py
[2025-02-06T18:44:43.657+0000] {logging_mixin.py:150} INFO - [2025-02-06T18:44:43.657+0000] {dag.py:2742} INFO - Sync 1 DAGs
[2025-02-06T18:44:43.669+0000] {logging_mixin.py:150} INFO - [2025-02-06T18:44:43.669+0000] {dag.py:3504} INFO - Setting next_dagrun for extract_dag to None, run_after=None
[2025-02-06T18:44:43.682+0000] {processor.py:179} INFO - Processing /workspaces/hands-on-introduction-data-engineering-4395021/airflow/dags/extract_dag.py took 0.048 seconds
[2025-02-06T18:45:13.779+0000] {processor.py:157} INFO - Started process (PID=20222) to work on /workspaces/hands-on-introduction-data-engineering-4395021/airflow/dags/extract_dag.py
[2025-02-06T18:45:13.779+0000] {processor.py:826} INFO - Processing file /workspaces/hands-on-introduction-data-engineering-4395021/airflow/dags/extract_dag.py for tasks to queue
[2025-02-06T18:45:13.780+0000] {logging_mixin.py:150} INFO - [2025-02-06T18:45:13.780+0000] {dagbag.py:541} INFO - Filling up the DagBag from /workspaces/hands-on-introduction-data-engineering-4395021/airflow/dags/extract_dag.py
[2025-02-06T18:45:13.787+0000] {processor.py:836} INFO - DAG(s) dict_keys(['extract_dag']) retrieved from /workspaces/hands-on-introduction-data-engineering-4395021/airflow/dags/extract_dag.py
[2025-02-06T18:45:13.801+0000] {logging_mixin.py:150} INFO - [2025-02-06T18:45:13.800+0000] {dag.py:2742} INFO - Sync 1 DAGs
[2025-02-06T18:45:13.813+0000] {logging_mixin.py:150} INFO - [2025-02-06T18:45:13.813+0000] {dag.py:3504} INFO - Setting next_dagrun for extract_dag to None, run_after=None
[2025-02-06T18:45:13.825+0000] {processor.py:179} INFO - Processing /workspaces/hands-on-introduction-data-engineering-4395021/airflow/dags/extract_dag.py took 0.048 seconds
